tissue,table,gene,hist,hist_max
uterus,raw,ENSG00000252777.1,/AAAAAAAAABBBBCCCCBBCABBAAABBAAABABAAAAB,118
uterus,raw,ENSG00000252765.1,/AAAAAAAAAAAAAAAAAAAAAAAAAAAAAAAAAAAAAAA,152
uterus,raw,ENSG00000252840.1,/AAAAAAAAAAAAAAAAAAAAAAAAAAAABAAAAAAAAAA,144
uterus,raw,ENSG00000252762.1,AAAAAAAAAAAAAAAAAAAA/AAAAAAAAAAAAAAAAAAA,153
uterus,raw,ENSG00000252904.1,/AAAAAAAAAAAAAAAAAAAAAAAAAAAAAAAAAAAAAAA,145
uterus,raw,ENSG00000252824.1,/AAAAAAAAAABAAAAAAAAAAAAAAAAAAAAAAAAAAAA,148
uterus,raw,ENSG00000252852.1,AAAAAAAAAAAAAAAAAAAA/AAAAAAAAAAAAAAAAAAA,153
uterus,raw,ENSG00000252888.1,AAAAAAAAAAAAAAAAAAAA/AAAAAAAAAAAAAAAAAAA,153
uterus,raw,ENSG00000252778.1,/AAAAAAAAABABBCAAAAAAAAAAAAAAAAAAAAAAAAA,137
uterus,raw,ENSG00000252870.1,AAAAAAAAAAAAAAAAAAAA/AAAAAAAAAAAAAAAAAAA,153
uterus,raw,ENSG00000252727.1,/AAAAAAAAAAAAAAAAAAAAAAAAAAAAAAAAAAAAAAA,150
uterus,raw,ENSG00000252800.1,/AAAAAAAAAAAAAAAAAAAAAAAAAAAAAAAAAAAAAAA,151
uterus,raw,ENSG00000252774.1,/AAAAAAAAAAAAAAAAAAAAABAAAAAAAAABAAAAAAA,141
uterus,raw,ENSG00000252722.1,/AAAAAAAAAAAAAAAAAAAAAAAAAABAAAAAAAAAAAA,145
uterus,raw,ENSG00000252798.1,/AAAAAAAAAAAAAAAAAAAAAAAAAAAAAAAAAAAAAAA,148
uterus,raw,ENSG00000252719.1,/AAAAAAAAAAAAAAAAAAAAAAAAAAAAAAAAAAAAAAA,147
vagina,raw,ENSG00000252777.1,/AAAAAAACACCCBBBBAAAAAAABAAAAAAAAAAAAAAA,136
vagina,raw,ENSG00000252765.1,/AAAAAAAAAAAAAAAAAAAAAAAAAAAAAAAAAAAAAAA,169
vagina,raw,ENSG00000252840.1,/AAAABDCDECCBAABACCABACBAAAAAAAAAAAAAAAB,124
vagina,raw,ENSG00000252762.1,AAAAAAAAAAAAAAAAAAAA/AAAAAAAAAAAAAAAAAAA,170
vagina,raw,ENSG00000252904.1,/AAAAAAAAAAAAAABAAAAABABBBBBAAAAAAAAAAAA,149
vagina,raw,ENSG00000252824.1,/AAAAAAAAAAAAAAAAAAAAAAAAAAAAAAAAAAAAAAA,169
vagina,raw,ENSG00000252852.1,AAAAAAAAAAAAAAAAAAAA/AAAAAAAAAAAAAAAAAAA,170
vagina,raw,ENSG00000252888.1,AAAAAAAAAAAAAAAAAAAA/AAAAAAAAAAAAAAAAAAA,170
vagina,raw,ENSG00000252778.1,AAAAAAAAAAAAAAAAAAAA/AAAAAAAAAAAAAAAAAAA,170
vagina,raw,ENSG00000252870.1,/AAAAAAAAAAAAAAAAAAAAAAAAAAAAAAAAAAAAAAA,169
vagina,raw,ENSG00000252727.1,/AAAAAAAAAAAAAAAAAAAAAAAAAAAAAAAAAAAAAAA,166
vagina,raw,ENSG00000252800.1,/AAAAAAAAAAAAAAAAAAAAAAAAAAAAAAAAAAAAAAA,165
vagina,raw,ENSG00000252774.1,/AAAAAAAAAAAAACBACABAAABBBAAAAAAAAAAAAAB,146
vagina,raw,ENSG00000252722.1,/AAAAAAAAAAAAAAAAAAAAAAAAAAAAAAAAAAAAAAB,162
vagina,raw,ENSG00000252798.1,/AAAAAAAAAAAAAAAAAAAAAAAAAAAAAAAAAAAAAAA,167
vagina,raw,ENSG00000252719.1,/AAAAAAAAAAAAAAAAAAAAAAAAAAAAAAAAAAAAAAA,163
adipose_subcutaneous,excluded_at_or_below_-1,ENSG00000252777.1,FAFKAAQQ/vqlQaFVFKQAAAAFFKFFAAAAAAFAAAAF,12
adipose_subcutaneous,excluded_at_or_below_-1,ENSG00000252765.1,/AAAAAAAAAA/AAAAAAA/AAAAAAAAAAAAAAAAAAA/,1
adipose_subcutaneous,excluded_at_or_below_-1,ENSG00000252840.1,VAAAVA/AAVAVAAAVAAAVAAAAVAAAAVAAAAAAAAAV,3
adipose_subcutaneous,excluded_at_or_below_-1,ENSG00000252904.1,SJSJJt/JSJAAJJAAAJAAAAAAAJAAAAAAAAAAAAAJ,7
adipose_subcutaneous,excluded_at_or_below_-1,ENSG00000252824.1,gAA/gAAAAAAAAAgAAAAAAAAAAAAAAAAAAAAAAAAg,2
adipose_subcutaneous,excluded_at_or_below_-1,ENSG00000252888.1,AAAAAAAAAAAAAAAAAAAA/AAAAAAAAAAAAAAAAAAA,1
adipose_subcutaneous,excluded_at_or_below_-1,ENSG00000252778.1,/AAAAAA//AA//AAAA/AAAAAAAAAAAAAAAAAAAAA/,1
adipose_subcutaneous,excluded_at_or_below_-1,ENSG00000252870.1,/AAAA/AAAAAAAAAAAAAAAAAAAAAAAAAAAAAAAAA/,1
adipose_subcutaneous,excluded_at_or_below_-1,ENSG00000252727.1,/AAAAAAA//AA//AAA/AAAAAAAAAAAAAAAAAAAAA/,1
adipose_subcutaneous,excluded_at_or_below_-1,ENSG00000252800.1,g/AAggAAg//gAAAgg/AAAAAAAAggAAAAAAAAAAAg,2
adipose_subcutaneous,excluded_at_or_below_-1,ENSG00000252774.1,KAAKF/vvvgFaKAAFKKAQAFAAFAAKKAAFAFAAAFFF,12
adipose_subcutaneous,excluded_at_or_below_-1,ENSG00000252722.1,mNZZ/N/mNNAANAmAAAAZNAAAAAZAAANAAANAAAAN,5
adipose_subcutaneous,excluded_at_or_below_-1,ENSG00000252798.1,ggAAAAg/gAAAAggAgAggAAgAAAAAAAAAgAAAAggg,2
adipose_subcutaneous,excluded_at_or_below_-1,ENSG00000252719.1,VAAAAAVAV/q/AqVAqVAVAAAAVAAqAAAAAAVVAAAV,3
adipose_visceral_omentum,excluded_at_or_below_-1,ENSG00000252777.1,KAalgV0/VVVQFVFKFFFAAAFKFFKFAAAAAAAFAAAF,12
adipose_visceral_omentum,excluded_at_or_below_-1,ENSG00000252765.1,/AAAAAA/AAAAAAAAAA//AAAAAAAAAAAAAAAAAAA/,1
adipose_visceral_omentum,excluded_at_or_below_-1,ENSG00000252840.1,KXkk/hoobNHNHRNAKNHDHDADDDADDAAAAADAAAAD,19
adipose_visceral_omentum,excluded_at_or_below_-1,ENSG00000252904.1,ZAZAZAm/ZNmNmNymNmNZNAyNANAAAZNNANAANAAZ,5
adipose_visceral_omentum,excluded_at_or_below_-1,ENSG00000252824.1,ggAAggAgA/A//AAAgAAAAAAAAAAAAAAAAAAAAAAg,2
adipose_visceral_omentum,excluded_at_or_below_-1,ENSG00000252888.1,/AAAAAAAAAAAAAAAAAAAAAAAAAAAAAAAAAAAAAA/,1
adipose_visceral_omentum,excluded_at_or_below_-1,ENSG00000252778.1,//A/A/AA/A/AAAAA/AAAAAAAAAAAAAAAAAAAAAA/,1
adipose_visceral_omentum,excluded_at_or_below_-1,ENSG00000252870.1,/AAAAAAAAAAAAAAAAAAAAAAAAAAAAAAAAAAAAAA/,1
adipose_visceral_omentum,excluded_at_or_below_-1,ENSG00000252727.1,gAAAAAAAAAAAAAAAAA/AAAgAAAAA/AAAAAAgAAAg,2
adipose_visceral_omentum,excluded_at_or_below_-1,ENSG00000252800.1,/A/A////AAAAAAAAAAAAAAAAAAAAAAAAAAAAAAA/,1
adipose_visceral_omentum,excluded_at_or_below_-1,ENSG00000252774.1,g3Y/g3nYnnYIYIAIYAYAAAAAAAIAAIIAAAAAAAAQ,8
adipose_visceral_omentum,excluded_at_or_below_-1,ENSG00000252722.1,VAVAAAV/VAq/VAVq/AVqAAAAAAqAAAAAAAAAVAVV,3
adipose_visceral_omentum,excluded_at_or_below_-1,ENSG00000252798.1,Vq/q/qAVAVAqAAAAAAAAAAAAAAAAAAAAAAAAAAAV,3
adipose_visceral_omentum,excluded_at_or_below_-1,ENSG00000252719.1,ggAgggAggg/A/AAA/gA/gAAAAggAAAAgAAAAAAAg,2
adrenal_gland,excluded_at_or_below_-1,ENSG00000252777.1,gQg/QQQQgQQQQQAAAAAAAAAAAAAAAAQAAAAAAAAQ,4
adrenal_gland,excluded_at_or_below_-1,ENSG00000252765.1,/AAAAAAAAAAAAAAAAAAAAAAAAAAAAAAAAAAAAAA/,1
adrenal_gland,excluded_at_or_below_-1,ENSG00000252840.1,/AgAgAAAgAgAAAAAAAAAAAAAAAgAAAAAAAAAAAAg,2
adrenal_gland,excluded_at_or_below_-1,ENSG00000252904.1,gAAAg/gAAAAAgAggggAAAAAAgAAAAAAAAAAAAAAg,2
adrenal_gland,excluded_at_or_below_-1,ENSG00000252824.1,AAAAAAAAAAAAAAAAAAAA/AAAAAAAAAAAAAAAAAAA,1
adrenal_gland,excluded_at_or_below_-1,ENSG00000252852.1,/AAAAAA/AAAAAAAAAAAAA//AAAAAAAAAAAA/AAA/,1
adrenal_gland,excluded_at_or_below_-1,ENSG00000252778.1,gAgAgAggAg/AggAAAAggAgAAAAAAAAAAAAAAgAAg,2
adrenal_gland,excluded_at_or_below_-1,ENSG00000252727.1,AAAAAAAAAAAAAAAAAAAA/AAAAAAAAAAAAAAAAAAA,1
adrenal_gland,excluded_at_or_below_-1,ENSG00000252800.1,qAAA/AAAAAAAAAAAAAAAAAAAAAAAAAAAAAAAAAAV,3
adrenal_gland,excluded_at_or_below_-1,ENSG00000252774.1,VqVAV/VAAVAVVAAAAAAAAAAAAAAAAAAAAAAAAAAV,3
adrenal_gland,excluded_at_or_below_-1,ENSG00000252722.1,VVAAVA/AqqAVAAAAAAAAAAAAAAAAAAAAAAAAAAAV,3
adrenal_gland,excluded_at_or_below_-1,ENSG00000252798.1,gAAAgAAAA/AAAgAAAAAAAAAAgAggAAgAAAAAAAAg,2
adrenal_gland,excluded_at_or_below_-1,ENSG00000252719.1,AAAAAAAAAAAAAAAAAAAA/AAAAAAAAAAAAAAAAAAA,1
artery_aorta,excluded_at_or_below_-1,ENSG00000252777.1,NAAAAZA/ZZZNZ/ZAmZZZAZAAANNAZAANNAAANAAZ,5
artery_aorta,excluded_at_or_below_-1,ENSG00000252765.1,/AAAAAAAAAAAAAAAAAAAAAAAAAA/AAAAAAAAAAA/,1
artery_aorta,excluded_at_or_below_-1,ENSG00000252840.1,gAAAAgAAAAAAgAAAAAAgAAAAAAAAAAAAAAAAAgA/,2
artery_aorta,excluded_at_or_below_-1,ENSG00000252904.1,IAAAIAIQ/gYQQIgIAAAAIAAIAAAAQAIAAIAQAAAI,8
artery_aorta,excluded_at_or_below_-1,ENSG00000252824.1,//AAAgA/AggggggAAAAggAAAAAAgAAAAAAAAAAAg,2
artery_aorta,excluded_at_or_below_-1,ENSG00000252852.1,/AAAAAAAAAAAAAAAAAAAAAAAAAAAAAAAAAAAAAA/,1
artery_aorta,excluded_at_or_below_-1,ENSG00000252888.1,/AAAAAAAAAAAAAAAAAAAAAAAAAAAAAAAAAAAAAA/,1
artery_aorta,excluded_at_or_below_-1,ENSG00000252778.1,/A/AAAA/A/AA/AAAAAAAAAAAAAAAAAAAAAAAAAA/,1
artery_aorta,excluded_at_or_below_-1,ENSG00000252870.1,/AAAAA/AAAAAAAAAAAAAAAAAAAAAAAAAAAAAAAA/,1
artery_aorta,excluded_at_or_below_-1,ENSG00000252727.1,/AAAAAgAAAAAgAAAAAgAgAAAAgAAAAAA/AAAAgAg,2
artery_aorta,excluded_at_or_below_-1,ENSG00000252800.1,gAAgggAgAAAA/AgAAAAAgAAAAAAAAAAAAAAAAAAg,2
artery_aorta,excluded_at_or_below_-1,ENSG00000252774.1,QAAg/ggQgQvAQgAAQQAAQAAAAAQAAAAAAAAAAAAg,4
artery_aorta,excluded_at_or_below_-1,ENSG00000252722.1,QggQvv/ggQQAQAAAAAgAAAAAAAAAAAAAAAAAAAAQ,4
artery_aorta,excluded_at_or_below_-1,ENSG00000252798.1,/AAAAAA/AAA/AAAAAAAAA/AAAAAAAAAAAAAAAAA/,1
artery_aorta,excluded_at_or_below_-1,ENSG00000252719.1,VAVAAVAAqAAV/AAqqVAAAVAAAAAAAAVAAAVAVAAV,3
artery_coronary,excluded_at_or_below_-1,ENSG00000252777.1,qAAAAAAqqqVqVVqA/A/AAAAAAVAVAAAAAAAAAAAV,3
artery_coronary,excluded_at_or_below_-1,ENSG00000252765.1,/AAAAAAAAAAAAAAAAAAAAAAAAAAAAAAAAAAAAAA/,1
artery_coronary,excluded_at_or_below_-1,ENSG00000252840.1,/AAAAAAAAAA/AAAAAAAAAAAAAAAAAAAAAAAAAAA/,1
artery_coronary,excluded_at_or_below_-1,ENSG00000252904.1,/gAAAgAAAAgAAgAgAAAAAAAAAAAAAAAAAAAAAAAg,2
artery_coronary,excluded_at_or_below_-1,ENSG00000252824.1,/AAAAAAAAAAAAAAAAAAAAAAAAAAAAAAAAAAAAAA/,1
artery_coronary,excluded_at_or_below_-1,ENSG00000252778.1,AAAAAAAAAAAAAAAAAAA/AAAAAAAAAAAAAAAAAAAA,1
artery_coronary,excluded_at_or_below_-1,ENSG00000252870.1,AAAAAAAAAAAAAAAAAAAA/AAAAAAAAAAAAAAAAAAA,1
artery_coronary,excluded_at_or_below_-1,ENSG00000252727.1,/AAAAAAAAAAAAAAAAAAAAAAAAA/AAAAAAAAAAAA/,1
artery_coronary,excluded_at_or_below_-1,ENSG00000252800.1,gAAAAAgggAAAAAgAgAAgAAAAgAAAAAAAA/AAAAAg,2
artery_coronary,excluded_at_or_below_-1,ENSG00000252774.1,gAAAAggAgg/AAAAAAAAgAAAAAAAAAAAAAAAAgAAg,2
artery_coronary,excluded_at_or_below_-1,ENSG00000252722.1,gAAAAAAAAAAAAAA/AAAAAA/A/gAAAgAAAAAAAgAg,2
artery_coronary,excluded_at_or_below_-1,ENSG00000252798.1,/AAAAAAAAAA/A/AAAAAAAAAAAAAAAAAAAAAAAAA/,1
artery_coronary,excluded_at_or_below_-1,ENSG00000252719.1,/AAAAAAA/AAAAAA/AAAA/AAAA/AAA/AAAAAAAAA/,1
artery_tibial,excluded_at_or_below_-1,ENSG00000252777.1,tk/2bkSJJSSSAJJJAAJJAAAASAAJJAJAAAAAAAAJ,7
artery_tibial,excluded_at_or_below_-1,ENSG00000252765.1,/AAAAAA/AAAAAAAAAAAAAAAAAAAAAAAAAAAAAAA/,1
artery_tibial,excluded_at_or_below_-1,ENSG00000252840.1,gAAAAA/AAAAAAAAAAAAAgAAAAAAAAAgAAAAggAgg,2
artery_tibial,excluded_at_or_below_-1,ENSG00000252904.1,gAAAAAAgAAAA/AAgAgAAAAAAAgAgAgAAAAAg/AAg,2
artery_tibial,excluded_at_or_below_-1,ENSG00000252824.1,/AAAAAAAAAAAAAAAAAAAAAAA/AAAAAAAAAAAAAA/,1
artery_tibial,excluded_at_or_below_-1,ENSG00000252852.1,AAAAAAAAAAAAAAAAAAAA/AAAAAAAAAAAAAAAAAAA,1
artery_tibial,excluded_at_or_below_-1,ENSG00000252888.1,AAAAAAAAAAAAAAAAAAA/AAAAAAAAAAAAAAAAAAAA,1
artery_tibial,excluded_at_or_below_-1,ENSG00000252778.1,gAAAg/AgAAggAAAAAAAAAAAAAAAAAAAAAAAAAAAg,2
artery_tibial,excluded_at_or_below_-1,ENSG00000252727.1,VAAAVAAAAAVVVAA/qAAVAAAAVAVVAAAAAAAAAAAV,3
artery_tibial,excluded_at_or_below_-1,ENSG00000252800.1,gAAAAAAAAAAAAAAAAAA/gAgAAAgAAAAgggAAAAAg,2
artery_tibial,excluded_at_or_below_-1,ENSG00000252774.1,Y/ndiYAKFFAKFAKAAAAAAAAAAAAAAAAAAAAAAAAF,13
artery_tibial,excluded_at_or_below_-1,ENSG00000252722.1,KAVK0/qqKVgAKAAAAAAKAKAAKAAKAAAAAAAAAAAK,6
artery_tibial,excluded_at_or_below_-1,ENSG00000252798.1,gAAgg/gAAAgAAAAAAAAggAAggAAAAAAAAAAAAAAg,2
artery_tibial,excluded_at_or_below_-1,ENSG00000252719.1,gAAAgAgA/AA/gAAgAgAAAAAAAAgAAAAAgAAAAAAg,2
bladder,excluded_at_or_below_-1,ENSG00000252777.1,//AAA/ggAAAAAAAAAgAAAgAAAgAAAAAAgAAAAAAg,2
bladder,excluded_at_or_below_-1,ENSG00000252840.1,//qVqVVVAAAVAAAVqVVAAVAAAAAAAAAAAVAAVAVV,3
bladder,excluded_at_or_below_-1,ENSG00000252904.1,/AAAAAAA/A/AAA/AAAAAAAAAAAAAAAAAAAAAAAA/,1
bladder,excluded_at_or_below_-1,ENSG00000252824.1,/AAAAAAAAAAAAAAAAAAAAAAAAAAAAAAAAAAAAAA/,1
bladder,excluded_at_or_below_-1,ENSG00000252778.1,/AA/AAAAAAAAAAAAAAAAAAAAAAAAAAAAAAAAAAA/,1
bladder,excluded_at_or_below_-1,ENSG00000252727.1,AAAAAAAAAAAAAAAAAAAA/AAAAAAAAAAAAAAAAAAA,1
bladder,excluded_at_or_below_-1,ENSG00000252800.1,/AAAAAAAAAAAAAAAAAAAAAAAAA/AAAAAAAAAAAA/,1
bladder,excluded_at_or_below_-1,ENSG00000252774.1,/A//AA/A//AAAAAAAAAAAAAAAAAAAAAAAA///AA/,1
bladder,excluded_at_or_below_-1,ENSG00000252722.1,/AAAAAAAAAAAAAAAAAgAAAAAAAAAAAAAAAAAAAAg,2
bladder,excluded_at_or_below_-1,ENSG00000252798.1,/AAAAAAAAAAAAAAAAAAAAAAAAAAAAAAAAAAAAAA/,1
bladder,excluded_at_or_below_-1,ENSG00000252719.1,/AAAAA/AAAAAAAAAAAAAAAA/AAAAAAAA/AAAAAA/,1
brain_amygdala,excluded_at_or_below_-1,ENSG00000252777.1,/AgAAAAAAgAgAAAAAAAAAAAAAAAAAAAAgAAAAAAg,2
brain_amygdala,excluded_at_or_below_-1,ENSG00000252765.1,/AAAAAAAAAAAAAAAAAA/AAAAAAAAAAAAAAAAAAA/,1
brain_amygdala,excluded_at_or_below_-1,ENSG00000252840.1,/AAgAAgAAAgggggAAAAAgAgAAAgAAAAgAAAAAAAg,2
brain_amygdala,excluded_at_or_below_-1,ENSG00000252904.1,gAAgAAAgAA/AgAAggAAAAAAAAAAgAAAAAAAAAAAg,2
brain_amygdala,excluded_at_or_below_-1,ENSG00000252824.1,/AAAAAAAAAAAAAAAAAAAAAAAAAAAAAAAAAAAAAA/,1
brain_amygdala,excluded_at_or_below_-1,ENSG00000252778.1,/AAAAAAA/AAA/A/A/AAAAAAAAAA/AAAAAAAAAAA/,1
brain_amygdala,excluded_at_or_below_-1,ENSG00000252870.1,AAAAAAAAAAAAAAAAAAAA/AAAAAAAAAAAAAAAAAAA,1
brain_amygdala,excluded_at_or_below_-1,ENSG00000252727.1,/AAAAAAAAAAAAAAAAAAAAAAAAAAAAAAAAAAAAAA/,1
brain_amygdala,excluded_at_or_below_-1,ENSG00000252800.1,AAAAAAAAAAAAAAAAAAAA/AAAAAAAAAAAAAAAAAAA,1
brain_amygdala,excluded_at_or_below_-1,ENSG00000252774.1,/AAAAAAAAAAAAAAA/AAAAAAAAAAAAAAAAAAAAAA/,1
brain_amygdala,excluded_at_or_below_-1,ENSG00000252722.1,/AAAAAAAAAAAAAAAAAAAAAAAAAAAAAAAAAAAAAA/,1
brain_amygdala,excluded_at_or_below_-1,ENSG00000252798.1,AAAAAAAAAAAAAAAAAAAA/AAAAAAAAAAAAAAAAAAA,1
brain_amygdala,excluded_at_or_below_-1,ENSG00000252719.1,/AAA/AAAAAAAAAAAAAAAAAAAAAAAAAAAAAAAAAA/,1
brain_anterior_cingulate_cortex_ba24,excluded_at_or_below_-1,ENSG00000252777.1,/AAAAAAAAAAAAAAAAAAAAAAAAAAAAAAAAAA/AAA/,1
brain_anterior_cingulate_cortex_ba24,excluded_at_or_below_-1,ENSG00000252765.1,/AAAAAAA/AAAAAAAAAAAAAAAAA/AAAAAAAAAAAA/,1
brain_anterior_cingulate_cortex_ba24,excluded_at_or_below_-1,ENSG00000252840.1,/AAAAAA/AAAA/AA/AAA/AAA//AAAAAAAAAAAAAA/,1
brain_anterior_cingulate_cortex_ba24,excluded_at_or_below_-1,ENSG00000252762.1,AAAAAAAAAAAAAAAAAAAA/AAAAAAAAAAAAAAAAAAA,1
brain_anterior_cingulate_cortex_ba24,excluded_at_or_below_-1,ENSG00000252904.1,/AAAAAAAAAAAAA//AAAAA/AAAAAAAAAAAAA/AAA/,1
brain_anterior_cingulate_cortex_ba24,excluded_at_or_below_-1,ENSG00000252824.1,/AAAA/AAAAAAAAAAAAAAAAAAAAAA/AAAAAAAAAA/,1
brain_anterior_cingulate_cortex_ba24,excluded_at_or_below_-1,ENSG00000252888.1,AAAAAAAAAAAAAAAAAAAA/AAAAAAAAAAAAAAAAAAA,1
brain_anterior_cingulate_cortex_ba24,excluded_at_or_below_-1,ENSG00000252778.1,/AAAAAA//A/A/AAAA/AAAAA/AAAAA/AAAAAAAAA/,1
brain_anterior_cingulate_cortex_ba24,excluded_at_or_below_-1,ENSG00000252800.1,/AAAAAAAAAAAAAAAAAAAAAAAAAAAAAAAAAAAAAA/,1
brain_anterior_cingulate_cortex_ba24,excluded_at_or_below_-1,ENSG00000252774.1,/AA/AA/AAAAAAAAA/AAAAAAAAAAAAAAAAAAAAAA/,1
brain_anterior_cingulate_cortex_ba24,excluded_at_or_below_-1,ENSG00000252722.1,/AAA/AAAAAAAAAAAAAAAAAAAAAAAAAAAAAAAAAA/,1
brain_anterior_cingulate_cortex_ba24,excluded_at_or_below_-1,ENSG00000252798.1,/AAAAAAAA/AAAAAAAAAA/AAA/AAAAAAAAAAAA/A/,1
brain_anterior_cingulate_cortex_ba24,excluded_at_or_below_-1,ENSG00000252719.1,/AAAAAAAAAAAAAAAAAAAAAAAAAAAAAAAAAAAAAA/,1
brain_caudate_basal_ganglia,excluded_at_or_below_-1,ENSG00000252777.1,gAAAA/gg/AAgAAA/gAAAAAAAAAAAAAAAAAAAAAAg,2
brain_caudate_basal_ganglia,excluded_at_or_below_-1,ENSG00000252765.1,/AAA/AAAAAAAAAAAAAAAAAAA/AAAAAAAAAAAAAA/,1
brain_caudate_basal_ganglia,excluded_at_or_below_-1,ENSG00000252840.1,qV//VVVAVVqVAAAAVVqAAAAAAAAAAAAAAAAAAAAV,3
brain_caudate_basal_ganglia,excluded_at_or_below_-1,ENSG00000252904.1,qVq//AA/qVAVAA/AAAAAVAAAVAVAAAAAAAAAAAAV,3
brain_caudate_basal_ganglia,excluded_at_or_below_-1,ENSG00000252888.1,AAAAAAAAAAAAAAAAAAAA/AAAAAAAAAAAAAAAAAAA,1
brain_caudate_basal_ganglia,excluded_at_or_below_-1,ENSG00000252778.1,gAAAAAAAAAAAAAgAg/gAAAAAA/AAAAAAAgAAAAAg,2
brain_caudate_basal_ganglia,excluded_at_or_below_-1,ENSG00000252727.1,AAAAAAAAAAAAAAAAAAAA/AAAAAAAAAAAAAAAAAAA,1
brain_caudate_basal_ganglia,excluded_at_or_below_-1,ENSG00000252800.1,gAAAAAAAAAgAAA/AAAAggAAAAAAAAAAAAAAAAAAg,2
brain_caudate_basal_ganglia,excluded_at_or_below_-1,ENSG00000252774.1,VAVVVVAqqV/VAAVAVAAAAAVAAAqAAAAAAAAAVAAV,3
brain_caudate_basal_ganglia,excluded_at_or_below_-1,ENSG00000252722.1,/AAAAAAA/AAAAAAAAAAAAAAAAAAAAAAAAAAAAAA/,1
brain_caudate_basal_ganglia,excluded_at_or_below_-1,ENSG00000252798.1,gAAAg/AAA/gAAAgAAAAAAAAAAAAAAAAAAAAAAAAg,2
brain_caudate_basal_ganglia,excluded_at_or_below_-1,ENSG00000252719.1,/AA/A/AAA/A/AAAAAAAAAAAAAAAAAAA/AAAAAAA/,1
brain_cerebellar_hemisphere,excluded_at_or_below_-1,ENSG00000252777.1,JJAbkkktb/AASbJAJAJJSAJAAAASAAAAJAAAAAAJ,7
brain_cerebellar_hemisphere,excluded_at_or_below_-1,ENSG00000252765.1,/AAAAA/AAAAAAAAAAAAAAAAAAAAAAAAAAAAAAAA/,1
brain_cerebellar_hemisphere,excluded_at_or_below_-1,ENSG00000252840.1,KVm8c/YOVcgjOOKKVHSVHSEVHEHKEEAAAAAEAAAE,18
brain_cerebellar_hemisphere,excluded_at_or_below_-1,ENSG00000252904.1,AAAAAAAAAAAAAAAAAAA/AAAAAAAAAAAAAAAAAAAA,1
brain_cerebellar_hemisphere,excluded_at_or_below_-1,ENSG00000252824.1,VVAV/VqAAVVAAVVVAAAAAAAAAVAAAAAAAAAAAAAV,3
brain_cerebellar_hemisphere,excluded_at_or_below_-1,ENSG00000252778.1,gAAAgAAAAAAAgAAAgAAAAAAAgAAAAAAAAAgAAgA/,2
brain_cerebellar_hemisphere,excluded_at_or_below_-1,ENSG00000252870.1,AAAAAAAAAAAAAAAAAAAA/AAAAAAAAAAAAAAAAAAA,1
brain_cerebellar_hemisphere,excluded_at_or_below_-1,ENSG00000252800.1,gAA//AgAAgAAAAAAAAAAgAAgAAAAAAAAAAAAAAAg,2
brain_cerebellar_hemisphere,excluded_at_or_below_-1,ENSG00000252774.1,QQAQAAgAv/AAAAQAAQQQAAQAAAQAAAAAAAAAAAQQ,4
brain_cerebellar_hemisphere,excluded_at_or_below_-1,ENSG00000252722.1,gAggAA/AAA/gAAAgAggAAg/AAAAAAAAAAAAAAAAg,2
brain_cerebellar_hemisphere,excluded_at_or_below_-1,ENSG00000252798.1,ggggAAAAAgA/AAAAAAAAAAAAAAAAAAAAAAAAAAAg,2
brain_cerebellar_hemisphere,excluded_at_or_below_-1,ENSG00000252719.1,/AAgAgAgAAAAAAAAAAAAAAAAAAAAAAAAAAAAAAAg,2
brain_cerebellum,excluded_at_or_below_-1,ENSG00000252777.1,OOHOHO/cccVcjVOcAAAAAAAHAAHAOAAOHHAHHAHH,9
brain_cerebellum,excluded_at_or_below_-1,ENSG00000252765.1,/AA/AAAAAAAA/A/AAAAAAAAAAAAAAAAAAAAAAAA/,1
brain_cerebellum,excluded_at_or_below_-1,ENSG00000252840.1,NEVRd3/qydVZidRdmVZVIVRZAIINNEAEAAEAEAAI,15
brain_cerebellum,excluded_at_or_below_-1,ENSG00000252762.1,/AAAAAAAAAAAAAAAAAAAAAAAAAAAAAAAAAAAAAA/,1
brain_cerebellum,excluded_at_or_below_-1,ENSG00000252904.1,//AAAAAAAAAAAAAA/AAAAAAAAAAAAAAAAAAAAAA/,1
brain_cerebellum,excluded_at_or_below_-1,ENSG00000252824.1,/A//AAAAAAAAAA/AAAAA/AAA//AAAAAA//A/AAA/,1
brain_cerebellum,excluded_at_or_below_-1,ENSG00000252852.1,AAAAAAAAAAAAAAAAAAA/AAAAAAAAAAAAAAAAAAAA,1
brain_cerebellum,excluded_at_or_below_-1,ENSG00000252778.1,VAVVAVVV/VVAVAqVAAAAAVAAAAVAAAAAAAAAAAAV,3
brain_cerebellum,excluded_at_or_below_-1,ENSG00000252870.1,AAAAAAAAAAAAAAAAAAAA/AAAAAAAAAAAAAAAAAAA,1
brain_cerebellum,excluded_at_or_below_-1,ENSG00000252800.1,gQAAg/QgvQgQQQAQAAAAAAAQAQAAAAAAAAAAAAAQ,4
brain_cerebellum,excluded_at_or_below_-1,ENSG00000252774.1,gAgggAAA/gAAgAgg////gA/AggAgAAAAAAAAAAAg,2
brain_cerebellum,excluded_at_or_below_-1,ENSG00000252722.1,ggAgggAg/AAAAAAgAggAggAAAg/ggAAAAAAAAAAg,2
brain_cerebellum,excluded_at_or_below_-1,ENSG00000252798.1,/AAA/AAAAAAAAAAAAAAAAAA/A/AAAAAAAA/AAAA/,1
brain_cerebellum,excluded_at_or_below_-1,ENSG00000252719.1,gAAAAAAAAAAAA/gAAgAAAAAgAAAAAAgAAAAAAAAg,2
brain_cortex,excluded_at_or_below_-1,ENSG00000252777.1,qVA/VVAqAAAVAAAVVAAAAAAAAAAAAAAAAAAAAAAV,3
brain_cortex,excluded_at_or_below_-1,ENSG00000252765.1,AAAAAAAAAAAAAAAAAAAA/AAAAAAAAAAAAAAAAAAA,1
brain_cortex,excluded_at_or_below_-1,ENSG00000252840.1,QAAAAAQgAAQQQQQQAAQAgQAAAAA/AAAAAQAAAAQQ,4
brain_cortex,excluded_at_or_below_-1,ENSG00000252762.1,AAAAAAAAAAAAAAAAAAAA/AAAAAAAAAAAAAAAAAAA,1
brain_cortex,excluded_at_or_below_-1,ENSG00000252904.1,/AAAAAAAAAA/A/AAAAAAAAAAAA/A/AAAAAAAAAA/,1
brain_cortex,excluded_at_or_below_-1,ENSG00000252824.1,/AAAAAAAAAAAAAAAAAAAAAAAAAAAAAAAAAAAAAA/,1
brain_cortex,excluded_at_or_below_-1,ENSG00000252852.1,AAAAAAAAAAAAAAAAAAAA/AAAAAAAAAAAAAAAAAAA,1
brain_cortex,excluded_at_or_below_-1,ENSG00000252778.1,/AAA/AA/AAAAAAAAAAAAA/AAAAAAAAAAAAAAAAA/,1
brain_cortex,excluded_at_or_below_-1,ENSG00000252727.1,/AAAAAAAAAAAAAA/AAAAAAAAAAAAAAAAAAAAAAA/,1
brain_cortex,excluded_at_or_below_-1,ENSG00000252800.1,/A/AAAAAAAA/AAA/AAAAAAAAAAAAAAAAAAAAAAA/,1
brain_cortex,excluded_at_or_below_-1,ENSG00000252774.1,/AAAAAAAAAAAAAA/AAAA/AA/AAAAAAAAAAAAAAA/,1
brain_cortex,excluded_at_or_below_-1,ENSG00000252722.1,/AAAAAAAAAAA/AAAAAAAAAAAAAAAAAAAAAAAAAA/,1
brain_cortex,excluded_at_or_below_-1,ENSG00000252798.1,/AAAAAAAAAAAAAAAAAAAA/AAAAAA/A/AAAAAAAA/,1
brain_cortex,excluded_at_or_below_-1,ENSG00000252719.1,AAAAAAAAAAAAAAAAAAAA/AAAAAAAAAAAAAAAAAAA,1
brain_frontal_cortex_ba9,excluded_at_or_below_-1,ENSG00000252777.1,gAAAAAAAA/AAgAAAgAAAgggAAAAAAAAAAAAAAAAg,2
brain_frontal_cortex_ba9,excluded_at_or_below_-1,ENSG00000252765.1,/AAA/AAAAAAAAAAAAAAAAAAAAAAAAAAAAAAA/AA/,1
brain_frontal_cortex_ba9,excluded_at_or_below_-1,ENSG00000252840.1,NZN/y/ZZNAAZAAAAAAAAAAAAAAAAAAAAAAAAAAAN,5
brain_frontal_cortex_ba9,excluded_at_or_below_-1,ENSG00000252904.1,/AA/A/A/AA/A/AAAA/AAAAAAAAAAAAAAAAAAAAA/,1
brain_frontal_cortex_ba9,excluded_at_or_below_-1,ENSG00000252824.1,AAAAAAAAAAAAAAAAAAAA/AAAAAAAAAAAAAAAAAAA,1
brain_frontal_cortex_ba9,excluded_at_or_below_-1,ENSG00000252852.1,AAAAAAAAAAAAAAAAAAAA/AAAAAAAAAAAAAAAAAAA,1
brain_frontal_cortex_ba9,excluded_at_or_below_-1,ENSG00000252778.1,/AAAAAAAA/AAAAAAAA/AAAAA/AAAAAAAAAAAAAA/,1
brain_frontal_cortex_ba9,excluded_at_or_below_-1,ENSG00000252870.1,AAAAAAAAAAAAAAAAAAAA/AAAAAAAAAAAAAAAAAAA,1
brain_frontal_cortex_ba9,excluded_at_or_below_-1,ENSG00000252727.1,AAAAAAAAAAAAAAAAAAAA/AAAAAAAAAAAAAAAAAAA,1
brain_frontal_cortex_ba9,excluded_at_or_below_-1,ENSG00000252800.1,/AA/AAAAAAAAAAAAAAAAAAAAAAAAAAAAAAAAAAA/,1
brain_frontal_cortex_ba9,excluded_at_or_below_-1,ENSG00000252774.1,gAAgAAAAAAgA/AAAAgAAAAAAAAAAAAAAAAAAAAAg,2
brain_frontal_cortex_ba9,excluded_at_or_below_-1,ENSG00000252722.1,/AAAAAAAAAAAAAAAAAAAAA//AAAAAAAAAAAAAAA/,1
brain_frontal_cortex_ba9,excluded_at_or_below_-1,ENSG00000252798.1,/AAAAAAAAAAgAAAAAAAAAAAgAAAAAAAAAAAAAAAg,2
brain_frontal_cortex_ba9,excluded_at_or_below_-1,ENSG00000252719.1,AAAAAAAAAAAAAAAAAAAA/AAAAAAAAAAAAAAAAAAA,1
brain_hippocampus,excluded_at_or_below_-1,ENSG00000252777.1,/AAAAAA/A/AAA/AAAAAAAAAAAAAAAAAAAAAAAAA/,1
brain_hippocampus,excluded_at_or_below_-1,ENSG00000252765.1,/AAAAAAAAAAAAAAAAAAAAAA/AAA/AAAAAAAAAAA/,1
brain_hippocampus,excluded_at_or_below_-1,ENSG00000252840.1,KAKqV/qVVAAAKAKAAAAAAAAAAAAAAAAAAAAAAAAK,6
brain_hippocampus,excluded_at_or_below_-1,ENSG00000252904.1,/AA/AAAAAgAgAAAAgAAggAAAAgAgAAAAAAgAAAAg,2
brain_hippocampus,excluded_at_or_below_-1,ENSG00000252852.1,AAAAAAAAAAAAAAAAAAAA/AAAAAAAAAAAAAAAAAAA,1
brain_hippocampus,excluded_at_or_below_-1,ENSG00000252888.1,/AAAAAAAAAAAA/AAAAAAAAAAAAAAAAAAAAAAAAA/,1
brain_hippocampus,excluded_at_or_below_-1,ENSG00000252778.1,/AAAgAgAAAgAAAAAAgAAgAAAAAAAAAAAAAAAAAAg,2
brain_hippocampus,excluded_at_or_below_-1,ENSG00000252870.1,AAAAAAAAAAAAAAAAAAAA/AAAAAAAAAAAAAAAAAAA,1
brain_hippocampus,excluded_at_or_below_-1,ENSG00000252800.1,/AAAAAAAAAAAAAAAAAAAA/AAAAAAAAAAAAAAAAA/,1
brain_hippocampus,excluded_at_or_below_-1,ENSG00000252774.1,gAAAAAAAgg/AgAAAAgAAAAAgAAAAAAgAAAAAAAgg,2
brain_hippocampus,excluded_at_or_below_-1,ENSG00000252722.1,/AAAAAAAAAAAAA/AAAAAAAAAAAAAAAAAAAAAAAA/,1
brain_hippocampus,excluded_at_or_below_-1,ENSG00000252798.1,gAAAAAAAA/AAAAAAAAgAAAAAAAAAAAAAAAAAAAAg,2
brain_hippocampus,excluded_at_or_below_-1,ENSG00000252719.1,/AAAAAAAAAAAAAAAAAAAAAAAAAAAAAAAAAAAAAA/,1
brain_hypothalamus,excluded_at_or_below_-1,ENSG00000252777.1,gAAAAgA/AAA/AAAAgAgA/AAAAAAAAAAAgAAAAAAg,2
brain_hypothalamus,excluded_at_or_below_-1,ENSG00000252765.1,/AAAAAAAAAAAAAA//AAAAAAAAAAAA/AAAAAAAAA/,1
brain_hypothalamus,excluded_at_or_below_-1,ENSG00000252840.1,QAAQQQgggg/AAAgQgQAAQAAAQAAAAAAAAAAAAAAQ,4
brain_hypothalamus,excluded_at_or_below_-1,ENSG00000252762.1,AAAAAAAAAAAAAAAAAAAA/AAAAAAAAAAAAAAAAAAA,1
brain_hypothalamus,excluded_at_or_below_-1,ENSG00000252904.1,qVVVAAAA/AAAAVAVAAAVAAAAVAAAAAAAAAAAAAAV,3
brain_hypothalamus,excluded_at_or_below_-1,ENSG00000252824.1,/AAAAAAAA/AAAAAAAAAAAAAAAAAAAAAAAAAAAAA/,1
brain_hypothalamus,excluded_at_or_below_-1,ENSG00000252852.1,/AAAAAAAAAAAAAAAAAAAAAAAAAAAAAAAAAAAAAA/,1
brain_hypothalamus,excluded_at_or_below_-1,ENSG00000252778.1,/A/A/A/AAAA/AAAAAAAAAAA//AA/AA/AAAAAAAA/,1
brain_hypothalamus,excluded_at_or_below_-1,ENSG00000252870.1,AAAAAAAAAAAAAAAAAAAA/AAAAAAAAAAAAAAAAAAA,1
brain_hypothalamus,excluded_at_or_below_-1,ENSG00000252727.1,AAAAAAAAAAAAAAAAAAAA/AAAAAAAAAAAAAAAAAAA,1
brain_hypothalamus,excluded_at_or_below_-1,ENSG00000252800.1,/AAAAAAAAAAAAAAAAAAAAAAAAAAAAAAAAAAAAAA/,1
brain_hypothalamus,excluded_at_or_below_-1,ENSG00000252774.1,/AAAA/AAAA/AA//AAAA//AAA//AAAAAAAAAAAAA/,1
brain_hypothalamus,excluded_at_or_below_-1,ENSG00000252722.1,AAAAAAAAAAAAAAAAAAAA/AAAAAAAAAAAAAAAAAAA,1
brain_hypothalamus,excluded_at_or_below_-1,ENSG00000252798.1,/A/AA/AAAAA/A/A/AAAAAA/AA/AAAAAAAAAAAAA/,1
brain_hypothalamus,excluded_at_or_below_-1,ENSG00000252719.1,AAAAAAAAAAAAAAAAAAA/AAAAAAAAAAAAAAAAAAAA,1
brain_nucleus_accumbens_basal_ganglia,excluded_at_or_below_-1,ENSG00000252777.1,gAAAAg/gAAAAAAgAAAAAAAAAAgAgAAAAAAAAAAAg,2
brain_nucleus_accumbens_basal_ganglia,excluded_at_or_below_-1,ENSG00000252765.1,/AAA/AAA/AAAAAAAAAAAAAAAAAAAA/AA/A/AAAA/,1
brain_nucleus_accumbens_basal_ganglia,excluded_at_or_below_-1,ENSG00000252840.1,ggggAAgAAAAAgAAg//AAAAAAgAAAAAAAAAAAAAAg,2
brain_nucleus_accumbens_basal_ganglia,excluded_at_or_below_-1,ENSG00000252904.1,gAAAgggggAAAAAAA/ggAAAAAAAAAAAAAAAAAAggg,2
brain_nucleus_accumbens_basal_ganglia,excluded_at_or_below_-1,ENSG00000252824.1,/AAA//AAAA/AAAAAAAAAAAAAAAAAAAAAAAAAAAA/,1
brain_nucleus_accumbens_basal_ganglia,excluded_at_or_below_-1,ENSG00000252852.1,/AAAAAAAAAAAAAAAAAAAAAAAAAAAAAAAAAAAAAA/,1
brain_nucleus_accumbens_basal_ganglia,excluded_at_or_below_-1,ENSG00000252778.1,VAqq/VVVVAAAAAAAAVAAAAAAAAAAAAAAAAAAAAAV,3
brain_nucleus_accumbens_basal_ganglia,excluded_at_or_below_-1,ENSG00000252727.1,/AAAAAAAAAAAA/AAAAAAAAAAAAAAAAAAAAAAAAA/,1
brain_nucleus_accumbens_basal_ganglia,excluded_at_or_below_-1,ENSG00000252800.1,/AAAAAAAAAAAAAAAAAA/AAAAAAAAAAAAAA/AAAA/,1
brain_nucleus_accumbens_basal_ganglia,excluded_at_or_below_-1,ENSG00000252774.1,qAAAAAAAAAVAqVAVAAV/AAAAAAVAVAAAAAAAAAAV,3
brain_nucleus_accumbens_basal_ganglia,excluded_at_or_below_-1,ENSG00000252722.1,/AAAAAAAA/AAAAAAAAA/AAAAAAAAAAAAAAAAAAA/,1
brain_nucleus_accumbens_basal_ganglia,excluded_at_or_below_-1,ENSG00000252798.1,/AA/AAAAAAAAAAAAAAAAAAAAAAAAAAAAAAAAA/A/,1
brain_nucleus_accumbens_basal_ganglia,excluded_at_or_below_-1,ENSG00000252719.1,/AAAAAAAAAAAAAAAAAAAAAAAAAAAAAAAAAAA/AA/,1
brain_putamen_basal_ganglia,excluded_at_or_below_-1,ENSG00000252777.1,/AAAAAAA/AA/AAAAA/AAAAAAAAAAAAAAAAAAAAA/,1
brain_putamen_basal_ganglia,excluded_at_or_below_-1,ENSG00000252765.1,//AAAAAAAAAAAAAA/AAAAAAAAAAAAAAAAAAAAAA/,1
brain_putamen_basal_ganglia,excluded_at_or_below_-1,ENSG00000252840.1,VAAA//AAVAqVAAqAAAAAAVAAAAAAAAAAAAAAAAAV,3
brain_putamen_basal_ganglia,excluded_at_or_below_-1,ENSG00000252904.1,QAAAgAgg/QgAgAAgAQQAAAAAAAAAAAAAAAQAAAAQ,4
brain_putamen_basal_ganglia,excluded_at_or_below_-1,ENSG00000252824.1,AAAAAAAAAAAAAAAAAAAA/AAAAAAAAAAAAAAAAAAA,1
brain_putamen_basal_ganglia,excluded_at_or_below_-1,ENSG00000252888.1,AAAAAAAAAAAAAAAAAAAA/AAAAAAAAAAAAAAAAAAA,1
brain_putamen_basal_ganglia,excluded_at_or_below_-1,ENSG00000252778.1,/AAAAAA//A/AAAAA/A/AAAAAAA/AAAAAAAAAAAA/,1
brain_putamen_basal_ganglia,excluded_at_or_below_-1,ENSG00000252870.1,/AAAAAAAAA/AAAAAAAAAAAAAAAAAAAAAAAAAAAA/,1
brain_putamen_basal_ganglia,excluded_at_or_below_-1,ENSG00000252727.1,AAAAAAAAAAAAAAAAAAAA/AAAAAAAAAAAAAAAAAAA,1
brain_putamen_basal_ganglia,excluded_at_or_below_-1,ENSG00000252800.1,/AAAAAAAAAAAAAAAAAAAAAAAAAAAAAAAAAAAAAA/,1
brain_putamen_basal_ganglia,excluded_at_or_below_-1,ENSG00000252774.1,gAggAggAA/AAAAAAAAAAAAAAAAAAAAAAA/AAAAAg,2
brain_putamen_basal_ganglia,excluded_at_or_below_-1,ENSG00000252722.1,/AAAAAAAAAAAAAAAAAAAAAAAAAAAAAAAAAAAAAA/,1
brain_putamen_basal_ganglia,excluded_at_or_below_-1,ENSG00000252798.1,/A//AA/AAAAA//AAA/AAAAAAAAAAAAAAAAAAAAA/,1
brain_spinal_cord_cervical_c-1,excluded_at_or_below_-1,ENSG00000252777.1,gggAAAAAAAAAAAAggAAAAggAAAggAAAAAAAAAAA/,2
brain_spinal_cord_cervical_c-1,excluded_at_or_below_-1,ENSG00000252765.1,AAAAAAAAAAAAAAAAAAAA/AAAAAAAAAAAAAAAAAAA,1
brain_spinal_cord_cervical_c-1,excluded_at_or_below_-1,ENSG00000252840.1,VAAAAAVAAVqAVq/AVAqAAVAAAAAVAAAAAAAAVAAV,3
brain_spinal_cord_cervical_c-1,excluded_at_or_below_-1,ENSG00000252904.1,gAgAAA/AAggAAAAAAAAAAAAAAAgAAAAAAAAAAAAg,2
brain_spinal_cord_cervical_c-1,excluded_at_or_below_-1,ENSG00000252824.1,/AAAAAAAAAAAAAAAAAAAAAAAAAAAAAAAAAAAAAA/,1
brain_spinal_cord_cervical_c-1,excluded_at_or_below_-1,ENSG00000252778.1,/AA/AAAAAAAAAAA/AAAAAAAAAAAAAAAAAAAAAAA/,1
brain_spinal_cord_cervical_c-1,excluded_at_or_below_-1,ENSG00000252727.1,/AAAAAAAAAAAAAAAAAAAAAAAAAAAAAAAAAAAAAA/,1
brain_spinal_cord_cervical_c-1,excluded_at_or_below_-1,ENSG00000252800.1,//AAAAAAAAAAAAAAAAAAAAAAAAAAAAAAAAAAAAA/,1
brain_spinal_cord_cervical_c-1,excluded_at_or_below_-1,ENSG00000252774.1,/AAAAAAAAAA/AAAAAAAAAAAAAAAAAAAAAAAAAAA/,1
brain_spinal_cord_cervical_c-1,excluded_at_or_below_-1,ENSG00000252722.1,gAgAAAgAAAAA/AAAAAgAAAAAAAAAAAAAAAAAAAAg,2
brain_spinal_cord_cervical_c-1,excluded_at_or_below_-1,ENSG00000252798.1,///AAAA/AAAAA/AAAAAAAAAAAAAAAAAAAAAAAAA/,1
brain_spinal_cord_cervical_c-1,excluded_at_or_below_-1,ENSG00000252719.1,/AAAAAAAAAAAAAAAAAAAAAAAAAAAAAAAAAAAAAA/,1
brain_substantia_nigra,excluded_at_or_below_-1,ENSG00000252777.1,/AAAA/AAA/AAAAA/AAAAAAAAAAAAAAAAAAAAAAA/,1
brain_substantia_nigra,excluded_at_or_below_-1,ENSG00000252765.1,/AAAA/AAAAAAAAAAAAA//AAAAAAAAAAAAAAAAAA/,1
brain_substantia_nigra,excluded_at_or_below_-1,ENSG00000252840.1,VAqVVAA/AVAqVVAAVAVAAAAAAAAAAAAAAAAAAAAV,3
brain_substantia_nigra,excluded_at_or_below_-1,ENSG00000252904.1,g/gAgAAAAgAAAAAAAAgAAAgAAAAAAAAAAAAAAAA/,2
brain_substantia_nigra,excluded_at_or_below_-1,ENSG00000252824.1,AAAAAAAAAAAAAAAAAAAA/AAAAAAAAAAAAAAAAAAA,1
brain_substantia_nigra,excluded_at_or_below_-1,ENSG00000252870.1,/A/AAAAAAAAAAAAAAA/AAAAAAAAAAAAAAA/AAAA/,1
brain_substantia_nigra,excluded_at_or_below_-1,ENSG00000252774.1,/AAAAAAAAA/AA/AA/A/A/AAAAAAA/AAAAAAAAAA/,1
brain_substantia_nigra,excluded_at_or_below_-1,ENSG00000252722.1,/AAAAAAAAAAAAAAAAAAAAAAAAAAAAAAAAAAAAAA/,1
brain_substantia_nigra,excluded_at_or_below_-1,ENSG00000252798.1,AAAAAAAAAAAAAAAAAAA/AAAAAAAAAAAAAAAAAAAA,1
brain_substantia_nigra,excluded_at_or_below_-1,ENSG00000252719.1,AAAAAAAAAAAAAAAAAAAA/AAAAAAAAAAAAAAAAAAA,1
breast_mammary_tissue,excluded_at_or_below_-1,ENSG00000252777.1,RXdui/idRRRXGRRAGRGXAGGGAAAGAAAALAAAAGGG,11
breast_mammary_tissue,excluded_at_or_below_-1,ENSG00000252765.1,/AAAA/AA//AAAAAAAAAAAAAAAAAAAAAAAAA/AAA/,1
breast_mammary_tissue,excluded_at_or_below_-1,ENSG00000252840.1,Rim/7qViViNRdNVRmNRNZRIRNRIIINAAAAAAIIAI,15
breast_mammary_tissue,excluded_at_or_below_-1,ENSG00000252762.1,/AAAAAAAAAAAAAAAAAAAAAAAAAAAAAAAA/AAAAA/,1
breast_mammary_tissue,excluded_at_or_below_-1,ENSG00000252904.1,QvgQQQQgvg/gAQAAgAAAAgAQAAQQAAAAAQAAAAAQ,4
breast_mammary_tissue,excluded_at_or_below_-1,ENSG00000252824.1,///AAAA//A/A/AAAAAAAAAAAAAAAAAAAAAAAAAA/,1
breast_mammary_tissue,excluded_at_or_below_-1,ENSG00000252852.1,AAAAAAAAAAAAAAAAAAAA/AAAAAAAAAAAAAAAAAAA,1
breast_mammary_tissue,excluded_at_or_below_-1,ENSG00000252888.1,/AAAAAAAAAAAAAAAAAAAAAAAAAAAAAAAAAAAAAA/,1
breast_mammary_tissue,excluded_at_or_below_-1,ENSG00000252778.1,/AAA///A///AAAAAAA/AAAAAAAAAAAAAAAAAAAA/,1
breast_mammary_tissue,excluded_at_or_below_-1,ENSG00000252727.1,gAAAAAg/AgAAgAAgAAAAgAAAAAAAAAAAAAAAAAAg,2
breast_mammary_tissue,excluded_at_or_below_-1,ENSG00000252800.1,/ggggA/gAgAAAgAAAAAAAAAAAgAAAAgAAAAAAAAg,2
breast_mammary_tissue,excluded_at_or_below_-1,ENSG00000252774.1,GLiRRX/RXAGALGGAAAAAAAAAAAAAAAAAAAAAAAGG,11
breast_mammary_tissue,excluded_at_or_below_-1,ENSG00000252722.1,NNAAAmNN/ZZmyZAAAAAZNANAAAAAAAANAAANAAAZ,5
breast_mammary_tissue,excluded_at_or_below_-1,ENSG00000252798.1,gAg/g/A/gA/gAgAAAAAAAAAAAAAgAAAAAAAAAAAg,2
breast_mammary_tissue,excluded_at_or_below_-1,ENSG00000252719.1,VAAAVVAAVAA/VqVVAAAAAVAVAAAVAAAAAAVAVAAV,3
cells_cultured_fibroblasts,excluded_at_or_below_-1,ENSG00000252777.1,HHAAAAV/O4jcVOcOVAHVAOAAAOHAHHOAAOAAAAAH,9
cells_cultured_fibroblasts,excluded_at_or_below_-1,ENSG00000252765.1,/AAAAAAAAAAAAAAAAAAAAAAAAAAAAAAAAAAAAAA/,1
cells_cultured_fibroblasts,excluded_at_or_below_-1,ENSG00000252840.1,//AAAA/AAAAAAAAAAAAAAAAA/AAAAAAAAAAAA/A/,1
cells_cultured_fibroblasts,excluded_at_or_below_-1,ENSG00000252904.1,bk/kktkSJJSASAAAAAJJAAAAAAAAJAAJAAAAJAAJ,7
cells_cultured_fibroblasts,excluded_at_or_below_-1,ENSG00000252824.1,/AAAA/AAA/AAAAAAAAAAAAAAAAAAAAAAAAAAAAA/,1
cells_cultured_fibroblasts,excluded_at_or_below_-1,ENSG00000252778.1,VAqAqA/VAAAA/AAAVAqAAAAAAAAAAAAAAAAAAAAV,3
cells_cultured_fibroblasts,excluded_at_or_below_-1,ENSG00000252870.1,/AAAAAAAAAAAAAAAAAAAAAAAAAAAAAAAAAAAAAA/,1
cells_cultured_fibroblasts,excluded_at_or_below_-1,ENSG00000252727.1,/AAAAAAAAAAAAAAAAAAAAAAAAAA/AAAAAAAAAA//,1
cells_cultured_fibroblasts,excluded_at_or_below_-1,ENSG00000252800.1,/gAAAg/gggAAAAAAAAgAgAAAAgAAAAAAAAAAAAAg,2
cells_cultured_fibroblasts,excluded_at_or_below_-1,ENSG00000252774.1,uk/ogRKIKGGCGECAAAAAAACACAAAAACAAAAAAAAC,30
cells_cultured_fibroblasts,excluded_at_or_below_-1,ENSG00000252722.1,VVAAVqAAA/AqAAVAAAqAVVAAAAVVAAAAAAAAAAAV,3
cells_cultured_fibroblasts,excluded_at_or_below_-1,ENSG00000252798.1,ggAAAgggA/AgAAAAAAAAAAgAgAAgAgAAAAAggAA/,2
cells_cultured_fibroblasts,excluded_at_or_below_-1,ENSG00000252719.1,//////AA/A//A/AAAAAAAAAAAAA/AAAAAAAAAAA/,1
cells_ebv-transformed_lymphocytes,excluded_at_or_below_-1,ENSG00000252777.1,KVq0g/gVgVKVAVVAVKAAAKAAVKAAAAAAKAAKAAAK,6
cells_ebv-transformed_lymphocytes,excluded_at_or_below_-1,ENSG00000252765.1,/AAAA/AAAAAAAAAAAAAAAAAA/AAAAAAAAAAA/AA/,1
cells_ebv-transformed_lymphocytes,excluded_at_or_below_-1,ENSG00000252840.1,gAAggAgAg//AAAAA/AAAgAAAAgAAAAAAAAAAAAAg,2
cells_ebv-transformed_lymphocytes,excluded_at_or_below_-1,ENSG00000252904.1,OAjcc/qOOHHVVAAHHHHAHHHHAAAHHHAAAAAAAHAH,9
cells_ebv-transformed_lymphocytes,excluded_at_or_below_-1,ENSG00000252824.1,/AA/AAAAAAAAAAAAAAAAAAAAAAAAAAAAAAAAAAA/,1
cells_ebv-transformed_lymphocytes,excluded_at_or_below_-1,ENSG00000252778.1,VAAAVAAAAAAAAAVAqAAVAAAA/AAAAAVVAAAAAAVV,3
cells_ebv-transformed_lymphocytes,excluded_at_or_below_-1,ENSG00000252870.1,g/AgAAAAAAAAAAAAAAAAAAAAAAAAAAAAAAAAAAAg,2
cells_ebv-transformed_lymphocytes,excluded_at_or_below_-1,ENSG00000252727.1,/AAAAAAAAAAAAAAAAAAAAAAAAAAAAAAAAAA/AAA/,1
cells_ebv-transformed_lymphocytes,excluded_at_or_below_-1,ENSG00000252800.1,VAAAAVVA/VA/AVAAAAVVAVAqAAAAAAqAAVAAAAAV,3
cells_ebv-transformed_lymphocytes,excluded_at_or_below_-1,ENSG00000252774.1,L/1bRbXIGEKGLEACCAAACAAAACAAAAAAACAAAAAC,33
cells_ebv-transformed_lymphocytes,excluded_at_or_below_-1,ENSG00000252722.1,kJ/k/tJAAJJAAJAAAJSAJAAAAAAAJAAAAAAAAAAJ,7
cells_ebv-transformed_lymphocytes,excluded_at_or_below_-1,ENSG00000252798.1,Vq/AqqqqAVAVqVqqVqAAVqAAAAAAAAAVAAVAAAAq,3
cells_ebv-transformed_lymphocytes,excluded_at_or_below_-1,ENSG00000252719.1,gAgAAgAg/gAgAAg/AggAAAAAgAAAgAAAgAAAAAAg,2
cervix_ectocervix,excluded_at_or_below_-1,ENSG00000252777.1,gAAAgAAAAAA/AAAAgAAAAAAAAAAAAAAAAAAAAAAg,2
cervix_ectocervix,excluded_at_or_below_-1,ENSG00000252765.1,AAAAAAAAAAAAAAAAAAAA/AAAAAAAAAAAAAAAAAAA,1
cervix_ectocervix,excluded_at_or_below_-1,ENSG00000252840.1,gAAAAgAAAg/gAAAAAAAgAAAAAAAAAAAAgAAAAAAg,2
cervix_ectocervix,excluded_at_or_below_-1,ENSG00000252904.1,/AAAAAAAAAAAAAAAAAAAAAAAAAAAAAA/AAAAAAA/,1
cervix_ectocervix,excluded_at_or_below_-1,ENSG00000252774.1,/AAAAAAAAAAAAAAAAAAAAAAAAAAAAAAAAAAAAAA/,1
cervix_ectocervix,excluded_at_or_below_-1,ENSG00000252722.1,AAAAAAAAAAAAAAAAAAAA/AAAAAAAAAAAAAAAAAAA,1
cervix_ectocervix,excluded_at_or_below_-1,ENSG00000252719.1,AAAAAAAAAAAAAAAAAAAA/AAAAAAAAAAAAAAAAAAA,1
cervix_endocervix,excluded_at_or_below_-1,ENSG00000252777.1,/AAAAAAAAAAAAAAAAAAAAAAAAAAAAAAAAAAAAAA/,1
cervix_endocervix,excluded_at_or_below_-1,ENSG00000252840.1,/AAAAAAAAAAAAAAAAAAAAAA/AAAAAAAAAAAAAAA/,1
cervix_endocervix,excluded_at_or_below_-1,ENSG00000252904.1,/AAAAAAAAAAAAAAAAAAAAAAAAAAAAAAAAAAAAAA/,1
cervix_endocervix,excluded_at_or_below_-1,ENSG00000252778.1,AAAAAAAAAAAAAAAAAAAA/AAAAAAAAAAAAAAAAAAA,1
cervix_endocervix,excluded_at_or_below_-1,ENSG00000252800.1,/AAAAAAAAAAAAAAA/AAAAAAAAAAAAAAAAAAAAAA/,1
cervix_endocervix,excluded_at_or_below_-1,ENSG00000252774.1,/AAAAAAAAAAAAAAAAAAAAAAAAAAAAAAAAAAAAAA/,1
cervix_endocervix,excluded_at_or_below_-1,ENSG00000252722.1,/AAAAAAAAAAAA/AAAAAAAAAAAAAAAAAAAAAAAAA/,1
cervix_endocervix,excluded_at_or_below_-1,ENSG00000252798.1,AAAAAAAAAAAAAAAAAAAA/AAAAAAAAAAAAAAAAAAA,1
cervix_endocervix,excluded_at_or_below_-1,ENSG00000252719.1,/AAAAAAAAAAAAAAAAAAAAAAAAAAAAAAAAAAAAAA/,1
colon_sigmoid,excluded_at_or_below_-1,ENSG00000252777.1,VqVV0g/KgqgAKAAVAAAAAKAAAAAAAAAAAAAAAAAK,6
colon_sigmoid,excluded_at_or_below_-1,ENSG00000252840.1,gggK/qgVgKAAKAKKAKKgAAAAAAKAAAAAAAAAAAAK,6
colon_sigmoid,excluded_at_or_below_-1,ENSG00000252762.1,/AAAAAAAAAAAAAAAAAAAAAAAAAAAAAAAAAAAAAA/,1
colon_sigmoid,excluded_at_or_below_-1,ENSG00000252904.1,gg/Ag/AggAAgggAgAgAAAggAgAAgAAAAAAAAAgAg,2
colon_sigmoid,excluded_at_or_below_-1,ENSG00000252824.1,/AAAAAAAAAAAAAAAAAAAAAAAAAAAAAAAAAAAAAA/,1
colon_sigmoid,excluded_at_or_below_-1,ENSG00000252852.1,AAAAAAAAAAAAAAAAAAAA/AAAAAAAAAAAAAAAAAAA,1
colon_sigmoid,excluded_at_or_below_-1,ENSG00000252888.1,AAAAAAAAAAAAAAAAAAA/AAAAAAAAAAAAAAAAAAAA,1
colon_sigmoid,excluded_at_or_below_-1,ENSG00000252778.1,gAAAAgAAAg/A/gAAAAAAAgAgAAAAAAAAgAAAAAAg,2
colon_sigmoid,excluded_at_or_below_-1,ENSG00000252870.1,AAAAAAAAAAAAAAAAAAAA/AAAAAAAAAAAAAAAAAAA,1
colon_sigmoid,excluded_at_or_below_-1,ENSG00000252727.1,//AA/AAAAAAAAAAAAAA/AAAAAAAAAAAAAAA/AAA/,1
colon_sigmoid,excluded_at_or_below_-1,ENSG00000252800.1,gAAAAAAA/AAAgAAggAAgA/AAAAAAAAAAAAAAAAAg,2
colon_sigmoid,excluded_at_or_below_-1,ENSG00000252774.1,QQAQQgvgQgAvQQQ/QgAAAQQAAAAAQAAAQQAAQAAQ,4
colon_sigmoid,excluded_at_or_below_-1,ENSG00000252722.1,QAAAAQQQAAAvQvAQ/AAAAAAAAAAAAQAAAAAAAQAQ,4
colon_sigmoid,excluded_at_or_below_-1,ENSG00000252798.1,/AAAA/AA/AAAAAAAAAAAAAAAAAAAAAAAAAA/AAA/,1
colon_sigmoid,excluded_at_or_below_-1,ENSG00000252719.1,VVAVAVVqVqVAAAA/AAAAAAAAAAAAAAAAAAAAAAAV,3
colon_transverse,excluded_at_or_below_-1,ENSG00000252777.1,JJAA2bbkk/kkSbAAJJJJJJAAJAAAAAAAAAAAAAAJ,7
colon_transverse,excluded_at_or_below_-1,ENSG00000252840.1,Par/rNljrYYUWJPCAHHEACAAACAAAAAAAAAAAAAC,29
colon_transverse,excluded_at_or_below_-1,ENSG00000252762.1,AAAAAAAAAAAAAAAAAAAA/AAAAAAAAAAAAAAAAAAA,1
colon_transverse,excluded_at_or_below_-1,ENSG00000252904.1,gQggQ/ggAggQQAgQQAQQAAAAAQAAAQAAAAAAAAAQ,4
colon_transverse,excluded_at_or_below_-1,ENSG00000252824.1,/AAA/AAAAA/AAA/AAAAAAAAA/AAAAAAAA/AAAAA/,1
colon_transverse,excluded_at_or_below_-1,ENSG00000252852.1,/AAAAAAAAAAAAAAAAA/A/AAAAAAAAAAAAAAAAAA/,1
colon_transverse,excluded_at_or_below_-1,ENSG00000252778.1,gAgA/Ag/A/AAAAAAAAAAgAAAAAAAAAAAAAAAAAgg,2
colon_transverse,excluded_at_or_below_-1,ENSG00000252870.1,/AAAAAAAAAAAAAAAAAAAAAAAAAAAAAAAAAAAAAA/,1
colon_transverse,excluded_at_or_below_-1,ENSG00000252727.1,/A/AAAAAAAAAAAAAAAAAAAAAAAAAAA/AAAAAAAA/,1
colon_transverse,excluded_at_or_below_-1,ENSG00000252800.1,/A/AA//A/AA///AAAAAA/AAAAAAAA/AAAAAAAAA/,1
colon_transverse,excluded_at_or_below_-1,ENSG00000252774.1,IAAdd/iqu7udIEVNZNRNAINEEEAIEAAAAAAAAAAI,15
colon_transverse,excluded_at_or_below_-1,ENSG00000252722.1,/VVAqAVqq/qVAAAAAVAAAAVAAAVAAVVAAAAAAAAV,3
colon_transverse,excluded_at_or_below_-1,ENSG00000252798.1,/A/AgAAAAg//gAAAAgAAAAAAAAAAAAAAAAAAAAAg,2
colon_transverse,excluded_at_or_below_-1,ENSG00000252719.1,VqAVVA/qAAAA/VAAAVVVVAAAAAVAAAVAAAAAAAAV,3
esophagus_gastroesophageal_junction,excluded_at_or_below_-1,ENSG00000252777.1,QAAAAAA/AggAQgvvAgvvQAQAQAAAAAAAQQQAQQAg,4
esophagus_gastroesophageal_junction,excluded_at_or_below_-1,ENSG00000252765.1,gAAAAAAAAAAAAAAAAAAAAAAAAgAAAAAAAAAAAAA/,2
esophagus_gastroesophageal_junction,excluded_at_or_below_-1,ENSG00000252840.1,/A/AAA/AAAAA/AA//AAAAAAAAAAAAAAAAAAAAA//,1
esophagus_gastroesophageal_junction,excluded_at_or_below_-1,ENSG00000252904.1,gAA//AAAggAAAA/AAAAgAAAAAAAAAAAAAAAAAAAg,2
esophagus_gastroesophageal_junction,excluded_at_or_below_-1,ENSG00000252824.1,/AAAAAAAAAAA/AAAAAAAA/AAAAAAAAAAAAAAAAA/,1
esophagus_gastroesophageal_junction,excluded_at_or_below_-1,ENSG00000252852.1,AAAAAAAAAAAAAAAAAAAA/AAAAAAAAAAAAAAAAAAA,1
esophagus_gastroesophageal_junction,excluded_at_or_below_-1,ENSG00000252888.1,AAAAAAAAAAAAAAAAAAAA/AAAAAAAAAAAAAAAAAAA,1
esophagus_gastroesophageal_junction,excluded_at_or_below_-1,ENSG00000252778.1,/AA/g//A/ggAAAAgAAAAAAAAAAAAAAAAAAAAAAAg,2
esophagus_gastroesophageal_junction,excluded_at_or_below_-1,ENSG00000252870.1,/AAAAAAAAAAAAAAAAAAAAAAAAAAAAAAAAAAAAAA/,1
esophagus_gastroesophageal_junction,excluded_at_or_below_-1,ENSG00000252727.1,/AAAAAAAAgAAAAAAAAAAAAAAAAAAAAAAAAAAAAAg,2
esophagus_gastroesophageal_junction,excluded_at_or_below_-1,ENSG00000252800.1,/AAAAAAAA//AA/AAA//AAAAAA/AAAAAA/AAAAAA/,1
esophagus_gastroesophageal_junction,excluded_at_or_below_-1,ENSG00000252774.1,VqAqqVqqq/q/A/AVVVAAAAAAAAVAVAVAAAAAAVVV,3
esophagus_gastroesophageal_junction,excluded_at_or_below_-1,ENSG00000252722.1,gAAAAAAAAgggAAAA//AAAAgAAAAAAAAAAAAAAAAg,2
esophagus_gastroesophageal_junction,excluded_at_or_below_-1,ENSG00000252798.1,/AAAAAAAAAAAAAAA/AA/AAAAAAAAAAAAAAAAAAA/,1
esophagus_gastroesophageal_junction,excluded_at_or_below_-1,ENSG00000252719.1,/AAAAA/A/A/AA/A/A/AAAAAAAAAAA/AA/AAAAAA/,1
esophagus_mucosa,excluded_at_or_below_-1,ENSG00000252777.1,Sktt/ktkSb2kSSASJAJASSJSAAAAAAAAAAAAAAAJ,7
esophagus_mucosa,excluded_at_or_below_-1,ENSG00000252765.1,/AAAA/AAAAAAAAAAAAAAAAAAAAAAAAAAAAAAAAA/,1
esophagus_mucosa,excluded_at_or_below_-1,ENSG00000252840.1,NNi33im/ui37RVIINRRRIIARNEAIAIAAAEEENAAI,15
esophagus_mucosa,excluded_at_or_below_-1,ENSG00000252762.1,AAAAAAAAAAAAAAAAAAAA/AAAAAAAAAAAAAAAAAAA,1
esophagus_mucosa,excluded_at_or_below_-1,ENSG00000252904.1,KAKVgVVgVVKgg/AKVVAVAKKAKAAAAKAAAAAAAAAK,6
esophagus_mucosa,excluded_at_or_below_-1,ENSG00000252824.1,/AAAA/AAAAAAAAAAAAAAAAAAAAAAAA/AAAAAA/A/,1
esophagus_mucosa,excluded_at_or_below_-1,ENSG00000252778.1,//AAAAAAAAAA/AAAAAAAAAAA/AAAAAAAAAAAAAA/,1
esophagus_mucosa,excluded_at_or_below_-1,ENSG00000252870.1,AAAAAAAAAAAAAAAAAAAA/AAAAAAAAAAAAAAAAAAA,1
esophagus_mucosa,excluded_at_or_below_-1,ENSG00000252727.1,/AAAAAAAAAAA/AAA//AAAAAAAA//AAAAAAA/AAA/,1
esophagus_mucosa,excluded_at_or_below_-1,ENSG00000252800.1,gAAAAAAAAAA/AAgAAgAAAAAgAAA/AgAAAAgAAAAg,2
esophagus_mucosa,excluded_at_or_below_-1,ENSG00000252774.1,DJq2q/YVJJVPPAAPDADGAADDAADAAAAAAAAAAAAD,21
esophagus_mucosa,excluded_at_or_below_-1,ENSG00000252722.1,/AggAgAAAgg/gAA/AAAAAAAAgAAAAAAAAAAAAAAg,2
esophagus_mucosa,excluded_at_or_below_-1,ENSG00000252798.1,gAAggA/gAgAAAgAAAgAgAAAAAAAAAAAAAAAAAAAg,2
esophagus_mucosa,excluded_at_or_below_-1,ENSG00000252719.1,/AggAAAAAgAAA/AgAAgAAAAAAAAAAAAAAAAAAAAg,2
esophagus_muscularis,excluded_at_or_below_-1,ENSG00000252777.1,KAAVAKV/qVgVgVqgAKAAAKKAAAAgAKAAKAAAAAAK,6
esophagus_muscularis,excluded_at_or_below_-1,ENSG00000252765.1,/AAAAAAAAAAA/AAAAAAAAAAAAAAAAAAAAAAAAAA/,1
esophagus_muscularis,excluded_at_or_below_-1,ENSG00000252840.1,VAAAAA/qAAVVVVAAAAqAAAAAAAAAAAAAAAAVAAAV,3
esophagus_muscularis,excluded_at_or_below_-1,ENSG00000252904.1,VVAqVqVAAAqqqA/AVAAAAAVAAAAAAAAAAAAAAAAV,3
esophagus_muscularis,excluded_at_or_below_-1,ENSG00000252824.1,/AAAA/AAA//A/AAAAAA/A/AAAAAAAAAAAAAAAAA/,1
esophagus_muscularis,excluded_at_or_below_-1,ENSG00000252852.1,AAAAAAAAAAAAAAAAAAAA/AAAAAAAAAAAAAAAAAAA,1
esophagus_muscularis,excluded_at_or_below_-1,ENSG00000252778.1,VAAAAVVV/AVVVA/qAVAAVAAVAVAAAAAAAVVAAVAV,3
esophagus_muscularis,excluded_at_or_below_-1,ENSG00000252870.1,AAAAAAAAAAAAAAAAAAAA/AAAAAAAAAAAAAAAAAAA,1
esophagus_muscularis,excluded_at_or_below_-1,ENSG00000252727.1,/AAAAAAAAAAAA/AAAAAAAAA/A/AA/AAAAAAA/AA/,1
esophagus_muscularis,excluded_at_or_below_-1,ENSG00000252800.1,/AAgAAAgAAAAAAAAAAAgAAAAAAAAAAAAAAAgAAAg,2
esophagus_muscularis,excluded_at_or_below_-1,ENSG00000252774.1,QAAQAAAQQQvgQ/gQvgQQAAQQAQAAQQQAAAAAAAAQ,4
esophagus_muscularis,excluded_at_or_below_-1,ENSG00000252722.1,NAAAANAAAZNAZNN/NmNZZAAAAAANAAANAAANZAAN,5
esophagus_muscularis,excluded_at_or_below_-1,ENSG00000252798.1,/AA/AAAAA/AAAAA/A/AA/AAAAAA/AAAAAAAAAAA/,1
esophagus_muscularis,excluded_at_or_below_-1,ENSG00000252719.1,gAA/AA/gAAgAgAgAAAAAAgAAAgAAgAAAAAAAAAgg,2
fallopian_tube,excluded_at_or_below_-1,ENSG00000252777.1,/AAAAAAAAAAAAAAAAAAAAAAAAAAAAAAAAAAAAAA/,1
fallopian_tube,excluded_at_or_below_-1,ENSG00000252840.1,/AA/AAA/AAAAAAAAAAA/AAAAAAAAAAAAAAAAAAA/,1
fallopian_tube,excluded_at_or_below_-1,ENSG00000252904.1,/AAAAAAAAAAAAAAAAAAAAAAAAAAAAAAAAAAAAAA/,1
fallopian_tube,excluded_at_or_below_-1,ENSG00000252824.1,AAAAAAAAAAAAAAAAAAAA/AAAAAAAAAAAAAAAAAAA,1
fallopian_tube,excluded_at_or_below_-1,ENSG00000252778.1,//AAAAAAAA/AAAAAAAAAAAAAAAAAAAA/AAAAAAA/,1
fallopian_tube,excluded_at_or_below_-1,ENSG00000252727.1,AAAAAAAAAAAAAAAAAAAA/AAAAAAAAAAAAAAAAAAA,1
fallopian_tube,excluded_at_or_below_-1,ENSG00000252774.1,/AAAAAAAAAAAAAAAAAAAAAAAAAAAAAAAAAAAAAA/,1
fallopian_tube,excluded_at_or_below_-1,ENSG00000252722.1,/AAAAAAAAA/AAAAAAA/AAAAAAAAAAAAAAAAAAAA/,1
fallopian_tube,excluded_at_or_below_-1,ENSG00000252798.1,/AAAAAAAAAAAAAAAAAAAAAAAAAAAAA/AAAAAAAA/,1
fallopian_tube,excluded_at_or_below_-1,ENSG00000252719.1,AAAAAAAAAAAAAAAAAAAA/AAAAAAAAAAAAAAAAAAA,1
heart_atrial_appendage,excluded_at_or_below_-1,ENSG00000252777.1,VAAAKKVqq/VVVVKAKgKKAAAAKAAAAKAAAAKAAAAV,6
heart_atrial_appendage,excluded_at_or_below_-1,ENSG00000252765.1,/AAAAAAA/AAAAAAAAAAAAAAAAAAAAAAAAAAAAAA/,1
heart_atrial_appendage,excluded_at_or_below_-1,ENSG00000252840.1,VAAVVVA/qqAVVAAAAAAAAAAAAAVAAqAAAAAAAAAV,3
heart_atrial_appendage,excluded_at_or_below_-1,ENSG00000252904.1,gAAAA/Aggg/AgAg//g/AAgAgA/AggAAAAAAAAAgg,2
heart_atrial_appendage,excluded_at_or_below_-1,ENSG00000252824.1,gAAAAAAAAAAAAAAgAggAgAAAAAAggAAAAAAAgAA/,2
heart_atrial_appendage,excluded_at_or_below_-1,ENSG00000252888.1,AAAAAAAAAAAAAAAAAAAA/AAAAAAAAAAAAAAAAAAA,1
heart_atrial_appendage,excluded_at_or_below_-1,ENSG00000252778.1,/A//AAAAA/A/AAAAAAAAAAAAAAAAAAAAAA/AA/A/,1
heart_atrial_appendage,excluded_at_or_below_-1,ENSG00000252727.1,/AAAAAAAAAAAAAAAAAAAAA/AAAAAAAAAAAAAAAA/,1
heart_atrial_appendage,excluded_at_or_below_-1,ENSG00000252800.1,/VAAAAAAAAAAAAAAAAAAAAAAAAAAAAAAAAAAAAAV,3
heart_atrial_appendage,excluded_at_or_below_-1,ENSG00000252774.1,VVqA/q/VqVAVAAAAAAAAAAAAAAAAAAAAAAAAAAAV,3
heart_atrial_appendage,excluded_at_or_below_-1,ENSG00000252722.1,gAAAAAAgAgAAAAgAAAAgAAAAAAAAAgAAAA/AAAAg,2
heart_atrial_appendage,excluded_at_or_below_-1,ENSG00000252798.1,qAAVqAA/VVAAVAAVAAVAAVAAAAAAAAAAAAAAAAAV,3
heart_atrial_appendage,excluded_at_or_below_-1,ENSG00000252719.1,/AA/AAAAAAAA/AAAAAA/AAAAAAAAAAAAAAAAAAA/,1
heart_left_ventricle,excluded_at_or_below_-1,ENSG00000252777.1,VAVVAAAqVVqqV/AVqAAAVVAAAVAAAAAAAAAAAAAV,3
heart_left_ventricle,excluded_at_or_below_-1,ENSG00000252765.1,/AAAAAAAAAAAAAAAAAAAAAAAAAAAAgAAAAAAAAAg,2
heart_left_ventricle,excluded_at_or_below_-1,ENSG00000252840.1,//AAAAA/AAAAAAAAAAAAAAAA/AAAAAAAAAAAAAA/,1
heart_left_ventricle,excluded_at_or_below_-1,ENSG00000252904.1,//A/AAAAAAAAAA/AAA/AA/AAAAAAAAAAAAAAAAA/,1
heart_left_ventricle,excluded_at_or_below_-1,ENSG00000252824.1,AAAAAAAAAAAAAAAAAAA/AAAAAAAAAAAAAAAAAAAA,1
heart_left_ventricle,excluded_at_or_below_-1,ENSG00000252778.1,/AAAAA/A/AAAAAAA/AAAA/AAAAAAAAAAAAAAAAA/,1
heart_left_ventricle,excluded_at_or_below_-1,ENSG00000252870.1,AAAAAAAAAAAAAAAAAAAA/AAAAAAAAAAAAAAAAAAA,1
heart_left_ventricle,excluded_at_or_below_-1,ENSG00000252727.1,/AAAAAAAAAAAAAAAAAA/AAAAAAAAAAAA/AAAAAA/,1
heart_left_ventricle,excluded_at_or_below_-1,ENSG00000252800.1,//AAAggAAAAgAAAAAAAAAAAgAAAAAAAAAAAAgAAg,2
heart_left_ventricle,excluded_at_or_below_-1,ENSG00000252774.1,/A/AAggAAAAgAAAAAAAAAAAAAAAAAAAAAAAAAAAg,2
heart_left_ventricle,excluded_at_or_below_-1,ENSG00000252722.1,gAA/AAAAAAAAAAAAAAAgAAAAAAAAAAAgAAAAAAAg,2
heart_left_ventricle,excluded_at_or_below_-1,ENSG00000252798.1,/AA/A/AAAAAA/A/A//A/AA/A/AAAAAAAAAAAAAA/,1
heart_left_ventricle,excluded_at_or_below_-1,ENSG00000252719.1,AAAAAAAAAAAAAAAAAAAA/AAAAAAAAAAAAAAAAAAA,1
kidney_cortex,excluded_at_or_below_-1,ENSG00000252777.1,/A/A/AAAAAAAAAAAAAA/AAAAAAAAAAAAAAAAAAA/,1
kidney_cortex,excluded_at_or_below_-1,ENSG00000252765.1,AAAAAAAAAAAAAAAAAAA/AAAAAAAAAAAAAAAAAAAA,1
kidney_cortex,excluded_at_or_below_-1,ENSG00000252840.1,gAQg//AgAgQQQAAAgQAQAQgAQQAAAAQAAAAAAAAQ,4
kidney_cortex,excluded_at_or_below_-1,ENSG00000252904.1,/AAAAAA/AAAAAAAAAAAAAAAAAAAAAAAA/AAAAAA/,1
kidney_cortex,excluded_at_or_below_-1,ENSG00000252824.1,AAAAAAAAAAAAAAAAAAAA/AAAAAAAAAAAAAAAAAAA,1
kidney_cortex,excluded_at_or_below_-1,ENSG00000252888.1,AAAAAAAAAAAAAAAAAAAA/AAAAAAAAAAAAAAAAAAA,1
kidney_cortex,excluded_at_or_below_-1,ENSG00000252778.1,/AAAAAAAAAAAA/AAAA/AAAAAAAAAAAAAAAAAAAA/,1
kidney_cortex,excluded_at_or_below_-1,ENSG00000252727.1,/AAAAAAAAAAAAAAAAAAAAAAAAAAAAAAAAAAAAAA/,1
kidney_cortex,excluded_at_or_below_-1,ENSG00000252800.1,/AAA/AAAAAAAAAAAAAAAAAAAAAAAAAAAAAAAAAA/,1
kidney_cortex,excluded_at_or_below_-1,ENSG00000252774.1,/A/AAAAA/AA/AA/A/AAAAAA/AAAAAAAAAAAAAAA/,1
kidney_cortex,excluded_at_or_below_-1,ENSG00000252722.1,/AA/AAAAAAAAAAAAAAAAAAAAAAAAAAAAAAAAAAA/,1
kidney_cortex,excluded_at_or_below_-1,ENSG00000252798.1,/AAAAAAAAA//A/AAAA/AAAAAAAAAAAAAAAAAAAA/,1
kidney_medulla,excluded_at_or_below_-1,ENSG00000252840.1,/AAAAAAA/AAAAAAAAAAAAAAAAAAAAAAAAAAAAAA/,1
kidney_medulla,excluded_at_or_below_-1,ENSG00000252904.1,AAAAAAAAAAAAAAAAAAA/AAAAAAAAAAAAAAAAAAAA,1
kidney_medulla,excluded_at_or_below_-1,ENSG00000252800.1,AAAAAAAAAAAAAAAAAAAA/AAAAAAAAAAAAAAAAAAA,1
kidney_medulla,excluded_at_or_below_-1,ENSG00000252774.1,/AAAAAAAAAAAAAAAAAA/AAAAAAAAAAAAAAAAAAA/,1
kidney_medulla,excluded_at_or_below_-1,ENSG00000252722.1,AAAAAAAAAAAAAAAAAAAA/AAAAAAAAAAAAAAAAAAA,1
kidney_medulla,excluded_at_or_below_-1,ENSG00000252798.1,AAAAAAAAAAAAAAAAAAAA/AAAAAAAAAAAAAAAAAAA,1
liver,excluded_at_or_below_-1,ENSG00000252777.1,gAAAggAAAAAAAAgggAAAAAAAgAAAg/AgAAAAAAA/,2
liver,excluded_at_or_below_-1,ENSG00000252765.1,AAAAAAAAAAAAAAAAAAAA/AAAAAAAAAAAAAAAAAAA,1
liver,excluded_at_or_below_-1,ENSG00000252840.1,EESoy/obOSSOSJOSOJJAJAEJEAEAJAAAEEAAEAAE,14
liver,excluded_at_or_below_-1,ENSG00000252904.1,VAVAVVV/VVAAAVAAVAAAAAVVAAAAAAAAAAAAAAAV,3
liver,excluded_at_or_below_-1,ENSG00000252824.1,/AAAAAAAAAAAAAAAAAAAAAAAAAAAAAAAAAAAAAA/,1
liver,excluded_at_or_below_-1,ENSG00000252778.1,/AAAAAAAAAAAAAAAAAAAAAAAAAAAAAAAAAAAAAAg,2
liver,excluded_at_or_below_-1,ENSG00000252870.1,/AAAAAAAAAAAAAAAAAAAAAAAAAAAAAAAAAAAAAA/,1
liver,excluded_at_or_below_-1,ENSG00000252727.1,/AAAAAAAAAAAAAAAAAAAAAAAAAAAAAAAAAAAAAA/,1
liver,excluded_at_or_below_-1,ENSG00000252800.1,/AAAAAA/AA/AAAAA//AAAAAAAAAAAAAAAAAAAAA/,1
liver,excluded_at_or_below_-1,ENSG00000252774.1,/AAAAAA/A//AAAAA/A///A/AAAA/AAAAAAAAAAA/,1
liver,excluded_at_or_below_-1,ENSG00000252798.1,/AAAAAAAAAAAA/AAAA/AAAAAAAAAAAAAAAAAAAA/,1
liver,excluded_at_or_below_-1,ENSG00000252719.1,gAggA/ggAgAAgA/AAAAAAAAgAAAAAAAAgAAAAAAg,2
lung,excluded_at_or_below_-1,ENSG00000252777.1,IAAYng3nv/3vgnQAQIIIIQIAIIQAQAIAAAAIAAAI,8
lung,excluded_at_or_below_-1,ENSG00000252765.1,gAAAAAAgAgAAgAAAA/AAAAAAAAAAAAAAAgAAAAAg,2
lung,excluded_at_or_below_-1,ENSG00000252840.1,Ii9y/uiiRZXoTkdgPTIPKGPGCKPEACCCAEEEAAAC,30
lung,excluded_at_or_below_-1,ENSG00000252762.1,/AAAAAAAAAAAAAAAAAAAAAAAAAAAAAAAAAAAAAA/,1
lung,excluded_at_or_below_-1,ENSG00000252904.1,RXud0/5dXLdLGLGGLAAGGAAAALAAAGAAGAAAAAAG,11
lung,excluded_at_or_below_-1,ENSG00000252824.1,QAAAQQQ/gvvAAQgQQAAAAAAAAAAAAAAAAAAAAAAQ,4
lung,excluded_at_or_below_-1,ENSG00000252888.1,/AAAAAAAAAAAAAAAAAAAAAAAAAAAAAAAAAAAAAA/,1
lung,excluded_at_or_below_-1,ENSG00000252778.1,QAAQQQgv/QQgvQvAQQQAAAAAAAAAAQAAAAAAAAAQ,4
lung,excluded_at_or_below_-1,ENSG00000252870.1,AAAAAAAAAAAAAAAAAAAA/AAAAAAAAAAAAAAAAAAA,1
lung,excluded_at_or_below_-1,ENSG00000252727.1,/AgAAAggAg/gAAggAgAgA/AAAAAAAAAAAAAAAAAg,2
lung,excluded_at_or_below_-1,ENSG00000252800.1,gAgAAA/A/AgAAAgAAgAAAAAAAAAAAAAAAAAAAAAg,2
lung,excluded_at_or_below_-1,ENSG00000252774.1,cVqxq/xqOqHHjOAVHHHAAHAHAHHHHAAAAAAAAAAH,9
lung,excluded_at_or_below_-1,ENSG00000252722.1,VAVVVAVAAVAqqVVAVA/AAAAAVAAAAAAAAAAAAAAV,3
lung,excluded_at_or_below_-1,ENSG00000252798.1,VVAAVq/VAAVqAAAAVVAAAAAVAVAAAAAAAAAAAAAV,3
lung,excluded_at_or_below_-1,ENSG00000252719.1,VAVAVVVVVVAVAAVAAV/AAAAAVVAAAAVAAVAAAAAV,3
minor_salivary_gland,excluded_at_or_below_-1,ENSG00000252777.1,VVVAAAVAVqVVAqVVAAA/VVA/AVAVVVAAVAAAAAA/,3
minor_salivary_gland,excluded_at_or_below_-1,ENSG00000252765.1,AAAAAAAAAAAAAAAAAAA/AAAAAAAAAAAAAAAAAAAA,1
minor_salivary_gland,excluded_at_or_below_-1,ENSG00000252840.1,Valv/vvqQlKlalFaQQVVVQKAAQFFAAAAAQFAAAAF,12
minor_salivary_gland,excluded_at_or_below_-1,ENSG00000252904.1,gAAAAgAAAAAAA//AgAAAAgAgAAAgAAAAAAAAAAAg,2
minor_salivary_gland,excluded_at_or_below_-1,ENSG00000252824.1,/AAAAAAAAAAAAAAAAAAAAAAAAAAAAAAAAAAAAAA/,1
minor_salivary_gland,excluded_at_or_below_-1,ENSG00000252778.1,/AgAAAgAAAAAgA/AAAAAAAAAAAAAAAAAAAAAAAA/,2
minor_salivary_gland,excluded_at_or_below_-1,ENSG00000252774.1,VqVV/VAAqVqVVAAVqVAAAAAqAAVVVAAAAVAAAAAV,3
minor_salivary_gland,excluded_at_or_below_-1,ENSG00000252722.1,gAg/AAAAgAAAAAAggAAgAAAAggAAAAAAAAAAAAAg,2
minor_salivary_gland,excluded_at_or_below_-1,ENSG00000252798.1,/A/AAAAAAAAAA/AAAAAAAAAAAAAAAAAA/AAAAAA/,1
minor_salivary_gland,excluded_at_or_below_-1,ENSG00000252719.1,/AAAAAAAAA/AAAAAAAAAAAAAAAAAAAAAAAAAAAA/,1
muscle_skeletal,excluded_at_or_below_-1,ENSG00000252777.1,/AAAA/AAA/AAAA/AAAAAAAAA/A/AAAAAAA/AAAA/,1
muscle_skeletal,excluded_at_or_below_-1,ENSG00000252765.1,/AAAAAAAAAAAAAAAAAAAAAAAAAAAAAAAAAAAAAA/,1
muscle_skeletal,excluded_at_or_below_-1,ENSG00000252840.1,/AAAAAAAAAAAAAAAAAAAAAAAAAAAAAAAAAAgAAAg,2
muscle_skeletal,excluded_at_or_below_-1,ENSG00000252904.1,VAVAVVAVV/AVAAAAAAAVAVAAAAAVAAAAAAAAAAAV,3
muscle_skeletal,excluded_at_or_below_-1,ENSG00000252824.1,gAA/gAAAAAAgAAgAAAAAAAAAAAAAAAAAAAAAAAAg,2
muscle_skeletal,excluded_at_or_below_-1,ENSG00000252852.1,/AAAAAAAAAAAAAAAAAAAAAAAAAAAAAAAAAAAAAA/,1
muscle_skeletal,excluded_at_or_below_-1,ENSG00000252888.1,/AAAAAAAAAAAAAAAAAAAAAAAAAAAAAAAAAAAAAA/,1
muscle_skeletal,excluded_at_or_below_-1,ENSG00000252778.1,/AAAAAAAAAAAAAAAAAAAAAAAAAAAAAAAAA/AAA//,1
muscle_skeletal,excluded_at_or_below_-1,ENSG00000252870.1,/AAAAAAAAAAAAAAAAAAAAAAAAAAAAAAAAAAAAAA/,1
muscle_skeletal,excluded_at_or_below_-1,ENSG00000252727.1,/AAAAAAAAAAAAAAAAAAAAAAAAAAAAAAAAAAAAAA/,1
muscle_skeletal,excluded_at_or_below_-1,ENSG00000252800.1,/AAAAAAAAAAAAAA/AAAAAAAAAAAAAAAAAAAAAAA/,1
muscle_skeletal,excluded_at_or_below_-1,ENSG00000252774.1,vQgQAg/AgQAAAAAAAQAAAAAAAAAAAAAAQAAAAQAQ,4
muscle_skeletal,excluded_at_or_below_-1,ENSG00000252722.1,/AggAAgAgAg/AgAgAgAAAAgAAAAAAAgAAAAAAAAg,2
muscle_skeletal,excluded_at_or_below_-1,ENSG00000252798.1,VAAVAVq//VqVAVqqA/VVVq/VqAVVAAVVAAVqAAAV,3
muscle_skeletal,excluded_at_or_below_-1,ENSG00000252719.1,//A/ggAAAgAAAAAAAgAAAAAAAAAAAAAAAAAAAAAg,2
nerve_tibial,excluded_at_or_below_-1,ENSG00000252777.1,IDFIg/nqYKNSKKKKNKFDNADAAAAAAAADAADAAAAD,24
nerve_tibial,excluded_at_or_below_-1,ENSG00000252765.1,/AAAAAAAAAAAAAAAAAAAAAAAAAAAAAAAAAAAAAA/,1
nerve_tibial,excluded_at_or_below_-1,ENSG00000252840.1,NNNGNsm/ssZ5smgmTGTGGTTAGAAGGAGAGZAAGAAG,10
nerve_tibial,excluded_at_or_below_-1,ENSG00000252762.1,AAAAAAAAAAAAAAAAAAAA/AAAAAAAAAAAAAAAAAAA,1
nerve_tibial,excluded_at_or_below_-1,ENSG00000252904.1,Skt/kb2ktSAJJASSAJJAJSAJJAJAAAAAASAAAAAJ,7
nerve_tibial,excluded_at_or_below_-1,ENSG00000252824.1,gAAAAAgAg/AA/////A/gggAA/AAAAAggAgAAgAAg,2
nerve_tibial,excluded_at_or_below_-1,ENSG00000252852.1,/AAAAAAAAAAAAAAAAAAAAAAAAAAAAAAAAAAAAAA/,1
nerve_tibial,excluded_at_or_below_-1,ENSG00000252888.1,AAAAAAAAAAAAAAAAAAAA/AAAAAAAAAAAAAAAAAAA,1
nerve_tibial,excluded_at_or_below_-1,ENSG00000252778.1,gAAggAAggA/ggAAg/AAAAggAAAAAAAAAAAAAgAAg,2
nerve_tibial,excluded_at_or_below_-1,ENSG00000252870.1,AAAAAAAAAAAAAAAAAAAA/AAAAAAAAAAAAAAAAAAA,1
nerve_tibial,excluded_at_or_below_-1,ENSG00000252727.1,/AAAAAAA/AAAAAAAAAAAAAAAAAAAAA/AAAAAAAA/,1
nerve_tibial,excluded_at_or_below_-1,ENSG00000252800.1,VV/AAqVAAAAAAAAAVAAAAAAAAVAAAAAAAAAAAAAV,3
nerve_tibial,excluded_at_or_below_-1,ENSG00000252774.1,HAAHAVx/xVVOHHAHAHAHAHHAAAHAHAHHAAAAAAHH,9
nerve_tibial,excluded_at_or_below_-1,ENSG00000252722.1,IQQAQAIQQnv/vYgIQQQAAIIIQQAAAAAAYIIAAAAI,8
nerve_tibial,excluded_at_or_below_-1,ENSG00000252798.1,QAvQg/gQgQgAQAQAAAAAAAAgQAAQAAAAAAAAAAAQ,4
nerve_tibial,excluded_at_or_below_-1,ENSG00000252719.1,qqq//VVqAAVAAVAVVAAAAAAAAVAAAAVAAAAAAAAV,3
ovary,excluded_at_or_below_-1,ENSG00000252777.1,VAAAAVVV/qqqAq/q/V/VqAAAAAAAAqVAAVAAAAVq,3
ovary,excluded_at_or_below_-1,ENSG00000252765.1,/AAAAAAAAAAAAAAAAAAAAAAAAAAAAAAAAAAAAAA/,1
ovary,excluded_at_or_below_-1,ENSG00000252840.1,QQQggvgQQ/vvQQQAAAQAAAgAAQAAQAAAQQQAAAQQ,4
ovary,excluded_at_or_below_-1,ENSG00000252904.1,ggA/gAgAAAgAAgAAAAAAAAAAgAAAAAAAAAAAAAAg,2
ovary,excluded_at_or_below_-1,ENSG00000252824.1,/A/A/AA//AAAA/AAAAA/AAAAAAAAAAAAAAAAAAA/,1
ovary,excluded_at_or_below_-1,ENSG00000252888.1,AAAAAAAAAAAAAAAAAAAA/AAAAAAAAAAAAAAAAAAA,1
ovary,excluded_at_or_below_-1,ENSG00000252778.1,qVAAVVVqAVVqq/AAqAAAAAAAAAAAAAAAAAAAAAAV,3
ovary,excluded_at_or_below_-1,ENSG00000252870.1,/AAAAAAAAAAAAAAAAAAAAAAAAAAAAAAAAAAAAAA/,1
ovary,excluded_at_or_below_-1,ENSG00000252727.1,AAAAAAAAAAAAAAAAAAA/AAAAAAAAAAAAAAAAAAAA,1
ovary,excluded_at_or_below_-1,ENSG00000252800.1,///A/AAAAAAAAAAAAAAAAAAAAAAAAAAAAAAAAAA/,1
ovary,excluded_at_or_below_-1,ENSG00000252774.1,/AV/VVAAAAAAAAAAAVVAAAAAAAAAAAAAAAAAAAAV,3
ovary,excluded_at_or_below_-1,ENSG00000252722.1,VAVAAV/VVAAAAAAAAAVAAAVAVAAAAAAAAAAAAAAV,3
ovary,excluded_at_or_below_-1,ENSG00000252798.1,gAAAAAAgAAgAAg/AAAAAAAgAAAAAAAAAAAAAAAAg,2
ovary,excluded_at_or_below_-1,ENSG00000252719.1,gAAggAAA/AAgggAAAAAAgAAAAAAgAAAAAAAAAAAg,2
pancreas,excluded_at_or_below_-1,ENSG00000252777.1,mZNZZZZ/NNZNNAmAAAAAANAANANAAAAAAAAAAAAN,5
pancreas,excluded_at_or_below_-1,ENSG00000252840.1,DATb/x6mmQTLhIkIFLLOOOIFIDDIIDDDDADAAAAF,23
pancreas,excluded_at_or_below_-1,ENSG00000252904.1,/AA/AAAAAAAAAA/AAAA/AA/AAAA/AAAAA///AAA/,1
pancreas,excluded_at_or_below_-1,ENSG00000252824.1,gAAAAAAAAAAAAAAA/AAAAAAAAAAAAAAAAAAAAAAg,2
pancreas,excluded_at_or_below_-1,ENSG00000252852.1,gAgAAAgAAggAAAAAAAAAAAAAg/AAgAAAAAAAAAAg,2
pancreas,excluded_at_or_below_-1,ENSG00000252778.1,gAgAAAA/g/A/gAAAAAAAAAAAAAAAAgAAAAAAAAAg,2
pancreas,excluded_at_or_below_-1,ENSG00000252870.1,AAAAAAAAAAAAAAAAAAAA/AAAAAAAAAAAAAAAAAAA,1
pancreas,excluded_at_or_below_-1,ENSG00000252800.1,AAAAAAAAAAAAAAAAAAAA/AAAAAAAAAAAAAAAAAAA,1
pancreas,excluded_at_or_below_-1,ENSG00000252774.1,qAqAAVAqqAV//VVVAAAAA/AAVAAAAAAAAAAAVAAV,3
pancreas,excluded_at_or_below_-1,ENSG00000252722.1,VAAAVVAqVqq/AAAAAAAAAAAAAVAAAAAAAAAAAAAV,3
pancreas,excluded_at_or_below_-1,ENSG00000252798.1,/AAAAgAAAAAgAAAAAAAAAgAAgAAAAAAAAAAAAAAg,2
pancreas,excluded_at_or_below_-1,ENSG00000252719.1,/AA/AAAAAAAAAAAAAAAAAAAAAAAAAAAAAA/AAAA/,1
pituitary,excluded_at_or_below_-1,ENSG00000252777.1,JJASJkbJJb/JAJAbASJJASAJAAAbAJAAAAAAJAAJ,7
pituitary,excluded_at_or_below_-1,ENSG00000252765.1,/AAAAAAAAAAAAAAAAAA/AAAAAAAAAAAAAAAAAAA/,1
pituitary,excluded_at_or_below_-1,ENSG00000252840.1,GNGGGGTNNyg/mGTgGTGNGZNAAGATNAGGGAGGAGAG,10
pituitary,excluded_at_or_below_-1,ENSG00000252762.1,/AAAAAAAAAAAAAAAAAAAAAAAAAAAAAAAAAAAAAA/,1
pituitary,excluded_at_or_below_-1,ENSG00000252904.1,VVAAVVAVVAAVV/VAVAAAAAAAAVAAVAAAAAAAAAAV,3
pituitary,excluded_at_or_below_-1,ENSG00000252824.1,NNmNZmZNyZ/NNAZANAAAAAAAAAAAAAAAANAAAANN,5
pituitary,excluded_at_or_below_-1,ENSG00000252852.1,gAgAAA/AAAAAAAAAAAgAAAAAAAAAAAAAAAAAAAAg,2
pituitary,excluded_at_or_below_-1,ENSG00000252778.1,VAAKAgg/gqg0/VVAKAKKVAAAAKVKKAKAAAAKVAAK,6
pituitary,excluded_at_or_below_-1,ENSG00000252870.1,/AAAAAAAAA/AAAAAAA/AAAAAAA/AAAAAAAAAAAA/,1
pituitary,excluded_at_or_below_-1,ENSG00000252727.1,/AAAAAAAAAAAAAAAAAAAAAAAAAAAAAAAAAAAAAA/,1
pituitary,excluded_at_or_below_-1,ENSG00000252800.1,/AAAAAAAAAAAAAAA//AA/A/AAAAAAAAAAAAAAAA/,1
pituitary,excluded_at_or_below_-1,ENSG00000252774.1,/QQQQAQvQgQQAAQAAAAAgAAAAAAQAAAAAAAAAAAQ,4
pituitary,excluded_at_or_below_-1,ENSG00000252722.1,VAVVAAAAAAVAAAAV/AAAAAAVVAAAAAqAVVAVAAAV,3
pituitary,excluded_at_or_below_-1,ENSG00000252798.1,VVAqAAVAVVAqAVVAAAAAAVAAAV/AVAVAAAAAAAV/,3
pituitary,excluded_at_or_below_-1,ENSG00000252719.1,/AAAAAAAAAAAAgAAAAAAAAAAAAAAAAgAAAAAAAAg,2
prostate,excluded_at_or_below_-1,ENSG00000252777.1,QAQvQg/g/AQgQQgAAAAgAAQQQAQAAAAQAAAAAAAQ,4
prostate,excluded_at_or_below_-1,ENSG00000252765.1,AAAAAAAAAAAAAAAAAAA/AAAAAAAAAAAAAAAAAAAA,1
prostate,excluded_at_or_below_-1,ENSG00000252840.1,4j/4qq/VqOcAOHcOHOHHAAHAAHAAAAAAAAAHAAAH,9
prostate,excluded_at_or_below_-1,ENSG00000252904.1,gAAAAAgAg/AA/AgAAgAAAAgAAAAAAAAAAAAAAAAg,2
prostate,excluded_at_or_below_-1,ENSG00000252824.1,/AAAAAAAAAAA/A/AAAAAAAAAAAAAAAAAAAAAAAA/,1
prostate,excluded_at_or_below_-1,ENSG00000252852.1,AAAAAAAAAAAAAAAAAAAA/AAAAAAAAAAAAAAAAAAA,1
prostate,excluded_at_or_below_-1,ENSG00000252778.1,/AAAAAAAAAAAAA/AAAAAA/AAAAAAAAAAAAA/AAA/,1
prostate,excluded_at_or_below_-1,ENSG00000252727.1,/AAAAAAAAAAAAAAAAAAAAAAAAAAAAAAAAAAAAAA/,1
prostate,excluded_at_or_below_-1,ENSG00000252800.1,/AAAAAAAAAAAAAAAAAAAAAAAAAAAAAAAAAAAAAA/,1
prostate,excluded_at_or_below_-1,ENSG00000252774.1,bbtb/JbbJttJbJJJAAJAAJAAAJAAJJJAAAJAAAAJ,7
prostate,excluded_at_or_below_-1,ENSG00000252722.1,/AA/AAAAAAAAAA/AAAAAAAAA/AAA//AAAAAAAAA/,1
prostate,excluded_at_or_below_-1,ENSG00000252798.1,/AAAAAAAAAAAAAAAA/AAAAAAAAAAAAAAAAAAAA//,1
prostate,excluded_at_or_below_-1,ENSG00000252719.1,/AAAAAAAgAgAAAAAAAAAAAgAAAAAAAAAAAAAAAAg,2
skin_not_sun_exposed_suprapubic,excluded_at_or_below_-1,ENSG00000252777.1,DADQJgTs/vjNJDNDGGNZGGNAGDTDDGADAAANAAAD,20
skin_not_sun_exposed_suprapubic,excluded_at_or_below_-1,ENSG00000252765.1,/A//AA/A/AAAA/AAAAAAAAAAAAAAAAAAAAAAAAA/,1
skin_not_sun_exposed_suprapubic,excluded_at_or_below_-1,ENSG00000252840.1,GLZ1/hWYYdZRQNPRHHIFGCFBBAECACBBAAAAAAAB,52
skin_not_sun_exposed_suprapubic,excluded_at_or_below_-1,ENSG00000252762.1,/AAAAAAAAAAAAAAAAAA/AAAAAAAAAAAAAAAAAAA/,1
skin_not_sun_exposed_suprapubic,excluded_at_or_below_-1,ENSG00000252904.1,CHP99/nbKFFWMWFCFFAFAFAAAAACAAAAAAAAAAAC,26
skin_not_sun_exposed_suprapubic,excluded_at_or_below_-1,ENSG00000252824.1,gAAAg/gAAAAAAAAAAAAAAAAAAAAAAAAAgAAAAAAg,2
skin_not_sun_exposed_suprapubic,excluded_at_or_below_-1,ENSG00000252852.1,AAAAAAAAAAAAAAAAAAAA/AAAAAAAAAAAAAAAAAAA,1
skin_not_sun_exposed_suprapubic,excluded_at_or_below_-1,ENSG00000252888.1,AAAAAAAAAAAAAAAAAAA/AAAAAAAAAAAAAAAAAAAA,1
skin_not_sun_exposed_suprapubic,excluded_at_or_below_-1,ENSG00000252778.1,gAAgAAAgA/AggAgAAAAAAAAAAAAAAAAAAgAAAAAg,2
skin_not_sun_exposed_suprapubic,excluded_at_or_below_-1,ENSG00000252727.1,/AAAAAAAAAAAAAAAA/A/AAAAAAAAAAA/AAAAAAA/,1
skin_not_sun_exposed_suprapubic,excluded_at_or_below_-1,ENSG00000252800.1,JAAAAAb2/kAtSJJAAAbASAASAJJAAAAJAAASAAAJ,7
skin_not_sun_exposed_suprapubic,excluded_at_or_below_-1,ENSG00000252774.1,EPL/pePTWPALEHEELaHLAALAAEAAAHAAEEAEAEAL,17
skin_not_sun_exposed_suprapubic,excluded_at_or_below_-1,ENSG00000252722.1,QAQAQgQ/Qvv/vvQvvQQQgAQQQAQAQAAAQQAAQAQQ,4
skin_not_sun_exposed_suprapubic,excluded_at_or_below_-1,ENSG00000252798.1,g/AgA//gAgAAAAgAAAgAAAAgAAAAAAAAAAAAAAAg,2
skin_not_sun_exposed_suprapubic,excluded_at_or_below_-1,ENSG00000252719.1,ZNAAZZAZ/AZAAZNAmAAAZNNANAAAANANAAAAAAAN,5
skin_sun_exposed_lower_leg,excluded_at_or_below_-1,ENSG00000252777.1,IIAEImum/mZRZIRIEIEdNINAEEIEAAEAEAAAEEAE,15
skin_sun_exposed_lower_leg,excluded_at_or_below_-1,ENSG00000252765.1,/AAAAAAAAAAAAAAAAAAAAAAAAAAAAAAA/AAAAAA/,1
skin_sun_exposed_lower_leg,excluded_at_or_below_-1,ENSG00000252840.1,FJg/09mjhkskbZRJbQcTLCIJGGGAFDACAACAAAAC,40
skin_sun_exposed_lower_leg,excluded_at_or_below_-1,ENSG00000252762.1,/AA/AAAAAAAAAA/AAAAAAAAAAAAAAAAAAAAAAAA/,1
skin_sun_exposed_lower_leg,excluded_at_or_below_-1,ENSG00000252904.1,DDUkr/4hRUKUDKDNHUDDADKAADAADAAAAAADADAD,19
skin_sun_exposed_lower_leg,excluded_at_or_below_-1,ENSG00000252824.1,/A/AAA/AAAAAA//AAA/A/AAAAAAAAAAAAAAAAAA/,1
skin_sun_exposed_lower_leg,excluded_at_or_below_-1,ENSG00000252852.1,AAAAAAAAAAAAAAAAAAAA/AAAAAAAAAAAAAAAAAAA,1
skin_sun_exposed_lower_leg,excluded_at_or_below_-1,ENSG00000252888.1,AAAAAAAAAAAAAAAAAAAA/AAAAAAAAAAAAAAAAAAA,1
skin_sun_exposed_lower_leg,excluded_at_or_below_-1,ENSG00000252778.1,VAAAA/qVAVVqVAAVAAAAAAAAVAVAAAAAAAAAAAAV,3
skin_sun_exposed_lower_leg,excluded_at_or_below_-1,ENSG00000252870.1,/AAAAAAAAAAAAAAAAAAAAAAAAAAAAAAAAAAAAAA/,1
skin_sun_exposed_lower_leg,excluded_at_or_below_-1,ENSG00000252727.1,/AAAAAAAA/AA/AAAA/AAAA/A/AAAAAA/A/AAAAA/,1
skin_sun_exposed_lower_leg,excluded_at_or_below_-1,ENSG00000252800.1,OAHO/c/VOOOAAcAVHOAHAHHAAHAAAAAAAAAAAAAH,9
skin_sun_exposed_lower_leg,excluded_at_or_below_-1,ENSG00000252774.1,ETeeW/h/leLhLPLLAAELLLAAHEHEEEAHEAEAAEEE,17
skin_sun_exposed_lower_leg,excluded_at_or_below_-1,ENSG00000252722.1,qggVKgKqAV/gKVAKVVKKKKKVAAAAAAKKAAKAKAAV,6
skin_sun_exposed_lower_leg,excluded_at_or_below_-1,ENSG00000252798.1,ZAAZZZ/mAyNZAAAAAANAAAANAAAAAANAAAAAAAAN,5
skin_sun_exposed_lower_leg,excluded_at_or_below_-1,ENSG00000252719.1,ZAANNmNZA/ZZANNNNZAAAANAAAAAAAAAAAANAAAN,5
small_intestine_terminal_ileum,excluded_at_or_below_-1,ENSG00000252777.1,VAVqVAA/AqVVA///AAAAqVVAVqAAAAVAAAAAAAAV,3
small_intestine_terminal_ileum,excluded_at_or_below_-1,ENSG00000252765.1,/AAAAAAAAAAAAAAAAAAAAAAAAAA/AAAAAAAAAAA/,1
small_intestine_terminal_ileum,excluded_at_or_below_-1,ENSG00000252840.1,StbkbbkStJbtJSkkJSSJtAkJ/SbkAAJAJAJAJJJJ,7
small_intestine_terminal_ileum,excluded_at_or_below_-1,ENSG00000252904.1,NNANNZm/NAAZNAAAAAAAAAAAAAAAAAAAAAAAAAAN,5
small_intestine_terminal_ileum,excluded_at_or_below_-1,ENSG00000252888.1,/AAAAAAAAAAAAAAAAAAAAAAAAAAAAAAAAAAAAAA/,1
small_intestine_terminal_ileum,excluded_at_or_below_-1,ENSG00000252778.1,gAAgAA/AAgAAAAAAAAAAAgAAAAAAAAAAAAAAAAAg,2
small_intestine_terminal_ileum,excluded_at_or_below_-1,ENSG00000252727.1,/AAAAAAAAAAAA/AAAAAAAAAAAAAAAAAAAAAAAAA/,1
small_intestine_terminal_ileum,excluded_at_or_below_-1,ENSG00000252800.1,gAAAAgAAAg/AAAgAAAAAAgAAAAAAgAAAAAAAAAAg,2
small_intestine_terminal_ileum,excluded_at_or_below_-1,ENSG00000252774.1,/VV00VVAKKVAgAAAVAAAAAAKAAAAAAAAAAAAAAAK,6
small_intestine_terminal_ileum,excluded_at_or_below_-1,ENSG00000252722.1,gAAAAAA/ggAAAAAAAgAAAAAAAAAAAAAAAAAAAAAg,2
small_intestine_terminal_ileum,excluded_at_or_below_-1,ENSG00000252798.1,/A/A/AAAA/AAA/A/AAA/AAAAAAA/AAAAAAAAAAA/,1
small_intestine_terminal_ileum,excluded_at_or_below_-1,ENSG00000252719.1,gAAAAAAAA/AgAAgAAAAAgAAAAAAAAAAAAgAAAAAg,2
spleen,excluded_at_or_below_-1,ENSG00000252777.1,QAAAAggvQvA/vvQQQQgAQAQAQAAQAgAQQAAQAAAQ,4
spleen,excluded_at_or_below_-1,ENSG00000252765.1,gAAAAAAAAgAA/gAAgAAA/AAAAAgAAAAAAAAAAAAg,2
spleen,excluded_at_or_below_-1,ENSG00000252840.1,/AAAAAAAAAAAAAAAAAAAAAAAAAAAAAAAAAAAAAA/,1
spleen,excluded_at_or_below_-1,ENSG00000252904.1,NANAANZNZ/ZANZAANANANAAAAAAAAAAAAAAAAAAN,5
spleen,excluded_at_or_below_-1,ENSG00000252824.1,/AAAAAAAAAAAAAAAAAAAAAAAAAAAAAA/AAAAAAA/,1
spleen,excluded_at_or_below_-1,ENSG00000252852.1,AAAAAAAAAAAAAAAAAAAA/AAAAAAAAAAAAAAAAAAA,1
spleen,excluded_at_or_below_-1,ENSG00000252778.1,/AAA//AAAA/AAAAAAAA/AAAAAAAAAAAAAAAAAAA/,1
spleen,excluded_at_or_below_-1,ENSG00000252870.1,AAAAAAAAAAAAAAAAAAAA/AAAAAAAAAAAAAAAAAAA,1
spleen,excluded_at_or_below_-1,ENSG00000252727.1,/AAAAAAAAAAAAAAAAAAAAAAAAAAAAAAAAAAAAAA/,1
spleen,excluded_at_or_below_-1,ENSG00000252800.1,ggAAAAAAAggAAAAgg/AAAAAAAAAAAAgAAAAgAAAg,2
spleen,excluded_at_or_below_-1,ENSG00000252774.1,gAgAg/ggAgA/gggAggAAAA/AAgAAAAAAAAAAAAAg,2
spleen,excluded_at_or_below_-1,ENSG00000252722.1,/AqqAqAVVAAAAAAAAAAAAAAAAVAAAAAAAAAAAAAV,3
spleen,excluded_at_or_below_-1,ENSG00000252798.1,gA/AAggg/ggAAAggAAAAAAAAAAAAAAAAAAAAAAAg,2
spleen,excluded_at_or_below_-1,ENSG00000252719.1,qVAVqAqV/AqAAAVAAAqVAVAAVAAAAAAAVVAAAAAV,3
stomach,excluded_at_or_below_-1,ENSG00000252777.1,NNZAZ/ZyNNmNNNAAZAAAANAAAAAAAAAAAAAAAAAN,5
stomach,excluded_at_or_below_-1,ENSG00000252765.1,AAAAAAAAAAAAAAAAAAAA/AAAAAAAAAAAAAAAAAAA,1
stomach,excluded_at_or_below_-1,ENSG00000252840.1,Zr/mrZNKUFKFAFADFDAAAAAAAAADAAAAAAAAAAAD,25
stomach,excluded_at_or_below_-1,ENSG00000252904.1,gQg/vQvggQAQAAAAAgAAAAAAAAAAAAQAAAAAAAAQ,4
stomach,excluded_at_or_below_-1,ENSG00000252824.1,/AAAAA//AAAAAA/AAAAAAAAAAAAAAAAAAAAAAAA/,1
stomach,excluded_at_or_below_-1,ENSG00000252852.1,/AAAAAAAAAAAAAAAAAAAAAAAAAAAAAAAAAAAAAA/,1
stomach,excluded_at_or_below_-1,ENSG00000252778.1,/AQAQgAgAQgQQAAAQQAAAAQAAAAQAAAAAAAAAAAQ,4
stomach,excluded_at_or_below_-1,ENSG00000252870.1,/AAAAAAAAAAAAAAAAAAAAAAAAAAAAAAAAAAAAAA/,1
stomach,excluded_at_or_below_-1,ENSG00000252727.1,/AAAAAAAAAAAAAAAAAAAAAAAAAAAAAAAAAAAAAA/,1
stomach,excluded_at_or_below_-1,ENSG00000252800.1,gAAAAAg/gA/AAAAAAAAAAAAAAAgAAAAAAAAAAAAg,2
stomach,excluded_at_or_below_-1,ENSG00000252774.1,KAAVq/AKgV0qVVVAKKVAAAAAAAKAAAAAVAAKAAKV,6
stomach,excluded_at_or_below_-1,ENSG00000252722.1,/AA/AAA/AAAAAAA/A/A/A/AAAAAAA/A/A/AA/AA/,1
stomach,excluded_at_or_below_-1,ENSG00000252798.1,/AAAAA/AA/AgAgAAAAAAAAAAAAAAgAAAAAAAAAAg,2
stomach,excluded_at_or_below_-1,ENSG00000252719.1,/AAAAAAAA/AAAAAAAAAAAAAAAAAAAAAAAAAAAAA/,1
testis,excluded_at_or_below_-1,ENSG00000252777.1,KKK/gVqgKKVKqqgKKgAKVAAAAKAAAKKAAAAAAAAK,6
testis,excluded_at_or_below_-1,ENSG00000252765.1,/A/AAAAAAAAAAAAAAAAAAAAAAAAAAAAAAAAAAAA/,1
testis,excluded_at_or_below_-1,ENSG00000252840.1,CCao/loxQeaTOQQHCFAFFHAACACACACAAAAAACAC,27
testis,excluded_at_or_below_-1,ENSG00000252762.1,AAAAAAAAAAAAAAAAAAA/AAAAAAAAAAAAAAAAAAAA,1
testis,excluded_at_or_below_-1,ENSG00000252904.1,FAM1ffk/kdRMWMPKMKFKFFFFFAACAACAAACAACAC,26
testis,excluded_at_or_below_-1,ENSG00000252824.1,QAAAAgAQggvvQAQ/gvQAQAAAAAAAQAAAAAAAAQAQ,4
testis,excluded_at_or_below_-1,ENSG00000252852.1,KAAAAV/qqgggAqVKKAAAVAAAKAKKKAVAAAAAAAAK,6
testis,excluded_at_or_below_-1,ENSG00000252888.1,AAAAAAAAAAAAAAAAAAAA/AAAAAAAAAAAAAAAAAAA,1
testis,excluded_at_or_below_-1,ENSG00000252778.1,kb/btA2t/bJJtkSJJAAAJJAJSAAJAAASAJJbAAJJ,7
testis,excluded_at_or_below_-1,ENSG00000252870.1,/AA/AAAAAAAAAAAAAA/AAAAAAAAAAAAAAAAAAA//,1
testis,excluded_at_or_below_-1,ENSG00000252727.1,/AAAAAAAAAAAA/AAAAA/AAAAAAAAAAAAAAAAAAA/,1
testis,excluded_at_or_below_-1,ENSG00000252800.1,VAAVq/VqVAAVqVAAAVAAAAAqAAAAVAAAAAAAAAAV,3
testis,excluded_at_or_below_-1,ENSG00000252774.1,KKEGESSIGEKGUMIeecla/nrr3rlzrnYGSGAAAACE,31
testis,excluded_at_or_below_-1,ENSG00000252722.1,gvgAQQQvAQAv/QAAQAvAAAQAAAAAQAQAAAAAAAAQ,4
testis,excluded_at_or_below_-1,ENSG00000252798.1,EHm8/gguYjVgYcYOOOOHKEEHAOEAAAHAEAAAAAAE,18
testis,excluded_at_or_below_-1,ENSG00000252719.1,qVqVAAqVq/VAAVVVAAAAAAAAAAqAVAAAAAVAAAAV,3
thyroid,excluded_at_or_below_-1,ENSG00000252777.1,FFFVaK//qQ6KlKagKAKQFKaFAFKFAAAFFAFAAAAF,12
thyroid,excluded_at_or_below_-1,ENSG00000252765.1,/AAAAAAAAAAAA/A/AAAAAAAAAAAA/AAAAAAAAAA/,1
thyroid,excluded_at_or_below_-1,ENSG00000252840.1,GAOGUXxux/alllLaJLLGUORROJDAGGGDAADAAADD,22
thyroid,excluded_at_or_below_-1,ENSG00000252762.1,/AAAAAAAAAAAAAAAAAAAAAAAAAAAAAA/AAAAAAA/,1
thyroid,excluded_at_or_below_-1,ENSG00000252904.1,SStbkS/AAtkJASJJSAAAAJAAAJAAAAAAAAAAJAAJ,7
thyroid,excluded_at_or_below_-1,ENSG00000252824.1,/AAA/A//AA/A//A///A/AAAAA/A/AAAAAAAAAAA/,1
thyroid,excluded_at_or_below_-1,ENSG00000252852.1,/AVqAAVqAAAAVAAVAAAAAAAAAAAAAAAAAAAVAAAV,3
thyroid,excluded_at_or_below_-1,ENSG00000252888.1,AAAAAAAAAAAAAAAAAAAA/AAAAAAAAAAAAAAAAAAA,1
thyroid,excluded_at_or_below_-1,ENSG00000252778.1,JASS2bJ/JtbJbkbJJAASAAAAASJAAAJAAJAAAAAJ,7
thyroid,excluded_at_or_below_-1,ENSG00000252870.1,/A/AAAAAAA/AAAAAAAAAAAAAAAAAAAAAAAAAAAA/,1
thyroid,excluded_at_or_below_-1,ENSG00000252727.1,/AAAA//AAAAAAA/A/AAAAA/AAAAAAAAAAAAAAAA/,1
thyroid,excluded_at_or_below_-1,ENSG00000252800.1,VAAA/q//AqqAAAqqAAAVVAAAVAAAAAAAAAAAAVAV,3
thyroid,excluded_at_or_below_-1,ENSG00000252774.1,GAATZT/ZgyGZTGGNGGAGAAAAAGNAGAAGAAAAAANG,10
thyroid,excluded_at_or_below_-1,ENSG00000252722.1,QQQAgQvAgvg/QvAAgAQAAQAAAQAQAgAgAAAAAAAQ,4
thyroid,excluded_at_or_below_-1,ENSG00000252798.1,VVV/VVq/AAqAVAVAAAVAVVAAAAAAAAAAAAAAAAAV,3
thyroid,excluded_at_or_below_-1,ENSG00000252719.1,VAAAAAAAVqqAV/VAAAAVAAqAVVAVVAAAAVAVAAAV,3
uterus,excluded_at_or_below_-1,ENSG00000252777.1,ZAAZNmZZ/NZZNAZAZNAAAANNNAAAAANNNAAAAAAN,5
uterus,excluded_at_or_below_-1,ENSG00000252765.1,AAAAAAAAAAAAAAAAAAAA/AAAAAAAAAAAAAAAAAAA,1
uterus,excluded_at_or_below_-1,ENSG00000252840.1,ggAAAAgAAgAAAAA/AAAAggAAAAAAAAAAAAAAAAAg,2
uterus,excluded_at_or_below_-1,ENSG00000252904.1,/A/AA/AA/AAA/AAAAA/AAAAAA/AAAAAAAAAAAAA/,1
uterus,excluded_at_or_below_-1,ENSG00000252824.1,/AAAgAAAAAAAAAAAAAAAgAAAAAAAAAAAAAAAAAAg,2
uterus,excluded_at_or_below_-1,ENSG00000252778.1,VAAA/Aqqq/AVAAAVAAAAAAAAAAAAAAAAAAAAAAAV,3
uterus,excluded_at_or_below_-1,ENSG00000252727.1,/AAAAAAAAAAAAAAAAAA/AAAAAAAAAAAAAAAAAAA/,1
uterus,excluded_at_or_below_-1,ENSG00000252800.1,/AAAAAAAAAAAAAAAAAAAAAAAAAAAAAAAAAAAAAA/,1
uterus,excluded_at_or_below_-1,ENSG00000252774.1,gAAAAAgAgAAAAA/AAggAAAAgAAAAA/AAAAAgAAAg,2
uterus,excluded_at_or_below_-1,ENSG00000252722.1,gAAAAAAAAAAAAAgAAAAAg/AAAAAAgAAgAAAAAAAg,2
uterus,excluded_at_or_below_-1,ENSG00000252798.1,/AAAAAAAA/AAAA//AAAAAAAAAAAAAAAAAAAAAAA/,1
uterus,excluded_at_or_below_-1,ENSG00000252719.1,/AAAAAAAA/AAA/AAA/AAAAAAA/AAAAAAAAAAAAA/,1
vagina,excluded_at_or_below_-1,ENSG00000252777.1,NyAZ/ymNyNNZAANAANAAAZANAAAAAAAAAAAAAAAN,5
vagina,excluded_at_or_below_-1,ENSG00000252765.1,AAAAAAAAAAAAAAAAAAAA/AAAAAAAAAAAAAAAAAAA,1
vagina,excluded_at_or_below_-1,ENSG00000252840.1,0gq/0qVKKAAKAqVVKAKVKAAAAAAAAAAAAAAAAAAK,6
vagina,excluded_at_or_below_-1,ENSG00000252904.1,VAVVAVAAVAAqAA/qAqVVqVAAAAAAAAAAVAAAAAAV,3
vagina,excluded_at_or_below_-1,ENSG00000252824.1,AAAAAAAAAAAAAAAAAAAA/AAAAAAAAAAAAAAAAAAA,1
vagina,excluded_at_or_below_-1,ENSG00000252870.1,AAAAAAAAAAAAAAAAAAAA/AAAAAAAAAAAAAAAAAAA,1
vagina,excluded_at_or_below_-1,ENSG00000252727.1,/AAAAA/AAAAAAAAAAAAAAAAAAAAA/AAAAAAAAAA/,1
vagina,excluded_at_or_below_-1,ENSG00000252800.1,gAAAAAAAAA/AgAAAAAAAAAAAAAAAAAAAAAAAAAAg,2
vagina,excluded_at_or_below_-1,ENSG00000252774.1,VA/VqAV/AqqAAAAVVV/AAAAAAAAAAAAAAAAAVAAq,3
vagina,excluded_at_or_below_-1,ENSG00000252722.1,gAgAggAAAAgAAAAAAgAAAAAAAAAAAAAAAAAAAAA/,2
vagina,excluded_at_or_below_-1,ENSG00000252798.1,/AAAAAAAA/AAAAAAAAAAAAAAAAAAAAAAAAAAAAA/,1
vagina,excluded_at_or_below_-1,ENSG00000252719.1,/AAAA/AAAAAAAAAAA/AAAAAA/AAA/AAAAAA/AAA/,1
whole_blood,excluded_at_or_below_-1,ENSG00000252777.1,QQQ3v/QI3Q/QYIQAAIAQAAIAIAQAQAIIAAAAIAAQ,8
whole_blood,excluded_at_or_below_-1,ENSG00000252840.1,VVV/VAqAAAAAAAAAAAAAAAAAAVAAAAAAAAAAAAAV,3
whole_blood,excluded_at_or_below_-1,ENSG00000252762.1,/AAAAAAAAAAAAAAAAAAAAAAAAAAAAAAAAAAAAAA/,1
whole_blood,excluded_at_or_below_-1,ENSG00000252904.1,JkSk/JSkkSbAtJJASJASJJAJAJJJJAAAAJAAAAAJ,7
whole_blood,excluded_at_or_below_-1,ENSG00000252824.1,VAAVAVqq/qqqAVAAq/VAVAAAAAAVAVAAVAAAAAAV,3
whole_blood,excluded_at_or_below_-1,ENSG00000252852.1,AAAAAAAAAAAAAAAAAAAA/AAAAAAAAAAAAAAAAAAA,1
whole_blood,excluded_at_or_below_-1,ENSG00000252888.1,AAAAAAAAAAAAAAAAAAAA/AAAAAAAAAAAAAAAAAAA,1
whole_blood,excluded_at_or_below_-1,ENSG00000252870.1,AAAAAAAAAAAAAAAAAAAA/AAAAAAAAAAAAAAAAAAA,1
whole_blood,excluded_at_or_below_-1,ENSG00000252727.1,VVVAAA/AAAVAVVV/AAAAAqAAAAAAVAAAAAVAAAAV,3
whole_blood,excluded_at_or_below_-1,ENSG00000252800.1,/AAAAAgAAAAAg//AAgAAAAAAAAAAgAAAAA/AAAAg,2
whole_blood,excluded_at_or_below_-1,ENSG00000252774.1,Y3/gnYgQgnYgQIIIAAIAIIIAAIAAAAAAAIAIAAAI,8
whole_blood,excluded_at_or_below_-1,ENSG00000252722.1,SJJkb/AJJSJbJAJAJAAbJAAAAAAAAJJAAAAAAAAJ,7
whole_blood,excluded_at_or_below_-1,ENSG00000252798.1,VAAAAAq/VVqq/qVqVVqAAVAAVAAVAVAAAAAAAVAV,3
whole_blood,excluded_at_or_below_-1,ENSG00000252719.1,VqAAVVVVAV/VA/AAAVVAAAqVAAAVAqVAAAVAAVVq,3
