n,mu,metric,auc
100,-1.5,rti,0.5051020408163265
100,-1.5,rti_sigma_dist,0.5731725888324873
100,-1.5,rti_missing,0.6777375
100,-1.5,rti_lr,0.6874
100,-1.0,rti,0.5076923076923077
100,-1.0,rti_sigma_dist,0.687388801674516
100,-1.0,rti_missing,0.814525
100,-1.0,rti_lr,0.818875
100,-0.5,rti,0.5425
100,-0.5,rti_sigma_dist,0.6857179487179487
100,-0.5,rti_missing,0.88945
100,-0.5,rti_lr,0.89165
100,0.0,rti,0.6691919191919192
100,0.0,rti_sigma_dist,0.615312744627661
100,0.0,rti_missing,0.9308
100,0.0,rti_lr,0.93075
100,0.5,rti,0.83645
100,0.5,rti_sigma_dist,0.664775
100,0.5,rti_missing,0.96095
100,0.5,rti_lr,0.9613
100,1.5,rti,0.932275
100,1.5,rti_sigma_dist,0.7662
100,1.5,rti_missing,0.945925
100,1.5,rti_lr,0.947725
100,3.0,rti,0.9186
100,3.0,rti_sigma_dist,0.82475
100,3.0,rti_missing,0.953875
100,3.0,rti_lr,0.955275
300,-1.5,rti,0.5
300,-1.5,rti_sigma_dist,0.7899539776462854
300,-1.5,rti_missing,0.7801
300,-1.5,rti_lr,0.7834
300,-1.0,rti,0.5
300,-1.0,rti_sigma_dist,0.887719298245614
300,-1.0,rti_missing,0.91995
300,-1.0,rti_lr,0.921775
300,-0.5,rti,0.5025
300,-0.5,rti_sigma_dist,0.9308040201005026
300,-0.5,rti_missing,0.962425
300,-0.5,rti_lr,0.96295
300,0.0,rti,0.5375
300,0.0,rti_sigma_dist,0.91565
300,0.0,rti_missing,0.98105
300,0.0,rti_lr,0.981
300,0.5,rti,0.7925
300,0.5,rti_sigma_dist,0.84605
300,0.5,rti_missing,0.9921
300,0.5,rti_lr,0.992075
300,1.5,rti,0.9941875
300,1.5,rti_sigma_dist,0.9209
300,1.5,rti_missing,0.993675
300,1.5,rti_lr,0.993675
300,3.0,rti,0.98645
300,3.0,rti_sigma_dist,0.969175
300,3.0,rti_missing,0.99425
300,3.0,rti_lr,0.994275
800,-1.5,rti,0.5
800,-1.5,rti_sigma_dist,0.8198627074511454
800,-1.5,rti_missing,0.836725
800,-1.5,rti_lr,0.838825
800,-1.0,rti,0.5
800,-1.0,rti_sigma_dist,0.920375
800,-1.0,rti_missing,0.957575
800,-1.0,rti_lr,0.95805
800,-0.5,rti,0.5
800,-0.5,rti_sigma_dist,0.986125
800,-0.5,rti_missing,0.99335
800,-0.5,rti_lr,0.993425
800,0.0,rti,0.505
800,0.0,rti_sigma_dist,0.9959
800,0.0,rti_missing,0.998225
800,0.0,rti_lr,0.998225
800,0.5,rti,0.675
800,0.5,rti_sigma_dist,0.98785
800,0.5,rti_missing,0.994675
800,0.5,rti_lr,0.994675
800,1.5,rti,1.0
800,1.5,rti_sigma_dist,0.9786
800,1.5,rti_missing,0.99955
800,1.5,rti_lr,0.99955
800,3.0,rti,0.9985
800,3.0,rti_sigma_dist,0.994875
800,3.0,rti_missing,0.999325
800,3.0,rti_lr,0.999325
