n,mu,scenario,metric,auc,defined
100,-1.5,right_2,rti,0.507537688442211,0.995
100,-1.5,right_2,rti_sigma_dist,0.426725,1.0
100,-1.5,right_2,rti_missing,0.8273875,1.0
100,-1.5,right_2,rti_lr,0.82365,1.0
100,-1.5,right_1,rti,0.5885714285714285,0.875
100,-1.5,right_1,rti_sigma_dist,0.3732513661202186,0.915
100,-1.5,right_1,rti_missing,0.957448717948718,0.975
100,-1.5,right_1,rti_lr,0.9318461538461539,0.975
100,-1.5,right_0.5,rti,,0.0
100,-1.5,right_0.5,rti_sigma_dist,,0.0
100,-1.5,right_0.5,rti_missing,,0.0
100,-1.5,right_0.5,rti_lr,,0.0
100,-1.5,left_2,lti,0.4715482233502538,0.985
100,-1.5,left_2,lti_sigma_dist,0.4771827411167513,0.985
100,-1.5,left_2,lti_missing,,0.0
100,-1.5,left_2,lti_lr,,0.0
100,-1.5,left_1,lti,0.49586294416243654,0.985
100,-1.5,left_1,lti_sigma_dist,0.5008121827411167,0.985
100,-1.5,left_1,lti_missing,,0.0
100,-1.5,left_1,lti_lr,,0.0
100,-1.5,left_0.5,lti,0.5368527918781726,0.985
100,-1.5,left_0.5,lti_sigma_dist,0.5400253807106599,0.985
100,-1.5,left_0.5,lti_missing,,0.0
100,-1.5,left_0.5,lti_lr,,0.0
100,-1.0,right_2,rti,0.5,0.985
100,-1.0,right_2,rti_sigma_dist,0.42857142857142855,0.985
100,-1.0,right_2,rti_missing,0.855375,1.0
100,-1.0,right_2,rti_lr,0.85445,1.0
100,-1.0,right_1,rti,0.5945945945945946,0.925
100,-1.0,right_1,rti_sigma_dist,0.32859828141783026,0.95
100,-1.0,right_1,rti_missing,0.9941,1.0
100,-1.0,right_1,rti_lr,0.992025,1.0
100,-1.0,right_0.5,rti,0.6580459770114943,0.87
100,-1.0,right_0.5,rti_sigma_dist,0.3848477938661498,0.895
100,-1.0,right_0.5,rti_missing,0.990325,1.0
100,-1.0,right_0.5,rti_lr,0.98135,1.0
100,-1.0,left_2,lti,0.47001569858712716,0.975
100,-1.0,left_2,lti_sigma_dist,0.46237571951857664,0.975
100,-1.0,left_2,lti_missing,,0.0
100,-1.0,left_2,lti_lr,,0.0
100,-1.0,left_1,lti,0.4739141810570382,0.975
100,-1.0,left_1,lti_sigma_dist,0.46813186813186813,0.975
100,-1.0,left_1,lti_missing,,0.0
100,-1.0,left_1,lti_lr,,0.0
100,-1.0,left_0.5,lti,0.5064044038668098,0.95
100,-1.0,left_0.5,lti_sigma_dist,0.4805048335123523,0.95
100,-1.0,left_0.5,lti_missing,,0.0
100,-1.0,left_0.5,lti_lr,,0.0
100,-0.5,right_2,rti,0.5,0.995
100,-0.5,right_2,rti_sigma_dist,0.5498775930936735,0.995
100,-0.5,right_2,rti_missing,0.875075,1.0
100,-0.5,right_2,rti_lr,0.874425,1.0
100,-0.5,right_1,rti,0.5775401069518716,0.935
100,-0.5,right_1,rti_sigma_dist,0.38044373588415037,0.965
100,-0.5,right_1,rti_missing,0.996575,1.0
100,-0.5,right_1,rti_lr,0.996525,1.0
100,-0.5,right_0.5,rti,0.6902173913043478,0.92
100,-0.5,right_0.5,rti_sigma_dist,0.4097108565193672,0.94
100,-0.5,right_0.5,rti_missing,0.999,1.0
100,-0.5,right_0.5,rti_lr,0.9987,1.0
100,-0.5,left_2,lti,0.5442077580539119,0.975
100,-0.5,left_2,lti_sigma_dist,0.5467981591058514,0.975
100,-0.5,left_2,lti_missing,,0.0
100,-0.5,left_2,lti_lr,,0.0
100,-0.5,left_1,lti,0.5264036817882972,0.975
100,-0.5,left_1,lti_sigma_dist,0.5283629191321499,0.975
100,-0.5,left_1,lti_missing,,0.0
100,-0.5,left_1,lti_lr,,0.0
100,-0.5,left_0.5,lti,0.5341705913134485,0.98
100,-0.5,left_0.5,lti_sigma_dist,0.5287545787545788,0.98
100,-0.5,left_0.5,lti_missing,,1.0
100,-0.5,left_0.5,lti_lr,,1.0
100,0.0,right_2,rti,0.5100502512562815,0.995
100,0.0,right_2,rti_sigma_dist,0.5168556349587131,0.995
100,0.0,right_2,rti_missing,0.88595,1.0
100,0.0,right_2,rti_lr,0.8859,1.0
100,0.0,right_1,rti,0.7052631578947368,0.95
100,0.0,right_1,rti_sigma_dist,0.45659064553536916,0.975
100,0.0,right_1,rti_missing,0.999425,1.0
100,0.0,right_1,rti_lr,0.9994,1.0
100,0.0,right_0.5,rti,0.8465608465608465,0.945
100,0.0,right_0.5,rti_sigma_dist,0.598251675041876,0.96
100,0.0,right_0.5,rti_missing,0.99995,1.0
100,0.0,right_0.5,rti_lr,0.9999,1.0
100,0.0,left_2,lti,0.49,1.0
100,0.0,left_2,lti_sigma_dist,0.48866834170854273,1.0
100,0.0,left_2,lti_missing,,0.0
100,0.0,left_2,lti_lr,,0.0
100,0.0,left_1,lti,0.47218415308867573,0.99
100,0.0,left_1,lti_sigma_dist,0.4658139180752246,0.99
100,0.0,left_1,lti_missing,,1.0
100,0.0,left_1,lti_lr,,1.0
100,0.0,left_0.5,lti,0.7449685613999647,0.995
100,0.0,left_0.5,lti_sigma_dist,0.7327592737557133,0.995
100,0.0,left_0.5,lti_missing,,1.0
100,0.0,left_0.5,lti_lr,,1.0
100,0.5,right_2,rti,0.5352375,1.0
100,0.5,right_2,rti_sigma_dist,0.524125,1.0
100,0.5,right_2,rti_missing,0.9006,1.0
100,0.5,right_2,rti_lr,0.901625,1.0
100,0.5,right_1,rti,0.8962373737373738,0.99
100,0.5,right_1,rti_sigma_dist,0.651859296482412,0.995
100,0.5,right_1,rti_missing,0.9986,1.0
100,0.5,right_1,rti_lr,0.99895,1.0
100,0.5,right_0.5,rti,0.9664375,1.0
100,0.5,right_0.5,rti_sigma_dist,0.84995,1.0
100,0.5,right_0.5,rti_missing,0.999875,1.0
100,0.5,right_0.5,rti_lr,0.999925,1.0
100,0.5,left_2,lti,0.459475,1.0
100,0.5,left_2,lti_sigma_dist,0.46445,1.0
100,0.5,left_2,lti_missing,1.0,0.01
100,0.5,left_2,lti_lr,1.0,0.01
100,0.5,left_1,lti,0.8041287878787878,0.99
100,0.5,left_1,lti_sigma_dist,0.7712373737373738,0.99
100,0.5,left_1,lti_missing,0.99,1.0
100,0.5,left_1,lti_lr,0.99,1.0
100,0.5,left_0.5,lti,0.9282820512820513,0.975
100,0.5,left_0.5,lti_sigma_dist,0.8992820512820513,0.975
100,0.5,left_0.5,lti_missing,1.0,1.0
100,0.5,left_0.5,lti_lr,1.0,1.0
100,1.5,right_2,rti,0.812275,1.0
100,1.5,right_2,rti_sigma_dist,0.691475,1.0
100,1.5,right_2,rti_missing,0.886825,1.0
100,1.5,right_2,rti_lr,0.8874,1.0
100,1.5,right_1,rti,0.9712,1.0
100,1.5,right_1,rti_sigma_dist,0.895125,1.0
100,1.5,right_1,rti_missing,0.99965,1.0
100,1.5,right_1,rti_lr,0.9998,1.0
100,1.5,right_0.5,rti,0.9994974874371859,0.995
100,1.5,right_0.5,rti_sigma_dist,0.9849246231155779,0.995
100,1.5,right_0.5,rti_missing,1.0,1.0
100,1.5,right_0.5,rti_lr,1.0,1.0
100,1.5,left_2,lti,0.65075,1.0
100,1.5,left_2,lti_sigma_dist,0.616525,1.0
100,1.5,left_2,lti_missing,0.7536086956521739,1.0
100,1.5,left_2,lti_lr,0.7525652173913043,1.0
100,1.5,left_1,lti,0.96275,1.0
100,1.5,left_1,lti_sigma_dist,0.9281,1.0
100,1.5,left_1,lti_missing,0.9973043478260869,1.0
100,1.5,left_1,lti_lr,0.9976956521739131,1.0
100,1.5,left_0.5,lti,0.9933333333333333,0.975
100,1.5,left_0.5,lti_sigma_dist,0.9743076923076923,0.975
100,1.5,left_0.5,lti_missing,0.9999565217391304,1.0
100,1.5,left_0.5,lti_lr,1.0,1.0
100,3.0,right_2,rti,0.827375,1.0
100,3.0,right_2,rti_sigma_dist,0.766975,1.0
100,3.0,right_2,rti_missing,0.890925,1.0
100,3.0,right_2,rti_lr,0.891975,1.0
100,3.0,right_1,rti,0.973391959798995,0.995
100,3.0,right_1,rti_sigma_dist,0.9407286432160804,0.995
100,3.0,right_1,rti_missing,0.99925,1.0
100,3.0,right_1,rti_lr,0.99945,1.0
100,3.0,right_0.5,rti,0.975929648241206,0.995
100,3.0,right_0.5,rti_sigma_dist,0.9585427135678392,0.995
100,3.0,right_0.5,rti_missing,1.0,1.0
100,3.0,right_0.5,rti_lr,1.0,1.0
100,3.0,left_2,lti,0.739925,1.0
100,3.0,left_2,lti_sigma_dist,0.692125,1.0
100,3.0,left_2,lti_missing,0.8744,1.0
100,3.0,left_2,lti_lr,0.874925,1.0
100,3.0,left_1,lti,0.972975,1.0
100,3.0,left_1,lti_sigma_dist,0.9456,1.0
100,3.0,left_1,lti_missing,0.99925,1.0
100,3.0,left_1,lti_lr,0.99935,1.0
100,3.0,left_0.5,lti,0.9964175257731959,0.97
100,3.0,left_0.5,lti_sigma_dist,0.9887628865979381,0.97
100,3.0,left_0.5,lti_missing,1.0,1.0
100,3.0,left_0.5,lti_lr,1.0,1.0
300,-1.5,right_2,rti,0.5,0.97
300,-1.5,right_2,rti_sigma_dist,0.48281786941580757,0.97
300,-1.5,right_2,rti_missing,0.988425,1.0
300,-1.5,right_2,rti_lr,0.987425,1.0
300,-1.5,right_1,rti,0.6092896174863388,0.915
300,-1.5,right_1,rti_sigma_dist,0.3544005544005544,0.925
300,-1.5,right_1,rti_missing,0.99985,1.0
300,-1.5,right_1,rti_lr,0.99945,1.0
300,-1.5,right_0.5,rti,,0.0
300,-1.5,right_0.5,rti_sigma_dist,,0.0
300,-1.5,right_0.5,rti_missing,,0.0
300,-1.5,right_0.5,rti_lr,,0.0
300,-1.5,left_2,lti,0.5034013605442177,0.98
300,-1.5,left_2,lti_sigma_dist,0.5016745159602303,0.98
300,-1.5,left_2,lti_missing,,0.0
300,-1.5,left_2,lti_lr,,0.0
300,-1.5,left_1,lti,0.5458569500674764,0.95
300,-1.5,left_1,lti_sigma_dist,0.5351417004048583,0.95
300,-1.5,left_1,lti_missing,,0.0
300,-1.5,left_1,lti_lr,,0.0
300,-1.5,left_0.5,lti,0.5137065377903074,0.955
300,-1.5,left_0.5,lti_sigma_dist,0.4942408376963351,0.955
300,-1.5,left_0.5,lti_missing,,0.0
300,-1.5,left_0.5,lti_lr,,0.0
300,-1.0,right_2,rti,0.5,0.95
300,-1.0,right_2,rti_sigma_dist,0.643213296398892,0.95
300,-1.0,right_2,rti_missing,0.987575,1.0
300,-1.0,right_2,rti_lr,0.987525,1.0
300,-1.0,right_1,rti,0.5284974093264249,0.965
300,-1.0,right_1,rti_sigma_dist,0.3929468340903019,0.985
300,-1.0,right_1,rti_missing,1.0,1.0
300,-1.0,right_1,rti_lr,1.0,1.0
300,-1.0,right_0.5,rti,0.6294117647058823,0.85
300,-1.0,right_0.5,rti_sigma_dist,0.3979824561403509,0.9
300,-1.0,right_0.5,rti_missing,1.0,1.0
300,-1.0,right_0.5,rti_lr,1.0,1.0
300,-1.0,left_2,lti,0.5350686498855836,0.92
300,-1.0,left_2,lti_sigma_dist,0.529233409610984,0.92
300,-1.0,left_2,lti_missing,,0.0
300,-1.0,left_2,lti_lr,,0.0
300,-1.0,left_1,lti,0.5161553616661976,0.935
300,-1.0,left_1,lti_sigma_dist,0.5148606811145511,0.935
300,-1.0,left_1,lti_missing,,0.0
300,-1.0,left_1,lti_lr,,0.0
300,-1.0,left_0.5,lti,0.5685863874345549,0.955
300,-1.0,left_0.5,lti_sigma_dist,0.5517222375310002,0.955
300,-1.0,left_0.5,lti_missing,,0.0
300,-1.0,left_0.5,lti_lr,,0.0
300,-0.5,right_2,rti,0.5,0.995
300,-0.5,right_2,rti_sigma_dist,0.7540466149844701,0.995
300,-0.5,right_2,rti_missing,0.992025,1.0
300,-0.5,right_2,rti_lr,0.991925,1.0
300,-0.5,right_1,rti,0.5515463917525774,0.97
300,-0.5,right_1,rti_sigma_dist,0.5403279021369474,0.99
300,-0.5,right_1,rti_missing,1.0,1.0
300,-0.5,right_1,rti_lr,1.0,1.0
300,-0.5,right_0.5,rti,0.712707182320442,0.905
300,-0.5,right_0.5,rti_sigma_dist,0.4696519245441869,0.955
300,-0.5,right_0.5,rti_missing,1.0,1.0
300,-0.5,right_0.5,rti_lr,1.0,1.0
300,-0.5,left_2,lti,0.4684924623115578,1.0
300,-0.5,left_2,lti_sigma_dist,0.468643216080402,1.0
300,-0.5,left_2,lti_missing,,0.0
300,-0.5,left_2,lti_lr,,0.0
300,-0.5,left_1,lti,0.46777859144971085,0.995
300,-0.5,left_1,lti_sigma_dist,0.4687002853463296,0.995
300,-0.5,left_1,lti_missing,,0.0
300,-0.5,left_1,lti_lr,,0.0
300,-0.5,left_0.5,lti,0.4648618090452261,1.0
300,-0.5,left_0.5,lti_sigma_dist,0.4657537688442211,1.0
300,-0.5,left_0.5,lti_missing,,1.0
300,-0.5,left_0.5,lti_lr,,1.0
300,0.0,right_2,rti,0.5,1.0
300,0.0,right_2,rti_sigma_dist,0.851625,1.0
300,0.0,right_2,rti_missing,0.994875,1.0
300,0.0,right_2,rti_lr,0.9949,1.0
300,0.0,right_1,rti,0.6909547738693468,0.995
300,0.0,right_1,rti_sigma_dist,0.678875,1.0
300,0.0,right_1,rti_missing,1.0,1.0
300,0.0,right_1,rti_lr,1.0,1.0
300,0.0,right_0.5,rti,0.9362244897959183,0.98
300,0.0,right_0.5,rti_sigma_dist,0.8097989949748744,0.995
300,0.0,right_0.5,rti_missing,1.0,1.0
300,0.0,right_0.5,rti_lr,1.0,1.0
300,0.0,left_2,lti,0.539025,1.0
300,0.0,left_2,lti_sigma_dist,0.542675,1.0
300,0.0,left_2,lti_missing,,0.0
300,0.0,left_2,lti_lr,,0.0
300,0.0,left_1,lti,0.552175,1.0
300,0.0,left_1,lti_sigma_dist,0.55215,1.0
300,0.0,left_1,lti_missing,,1.0
300,0.0,left_1,lti_lr,,1.0
300,0.0,left_0.5,lti,0.9191625,1.0
300,0.0,left_0.5,lti_sigma_dist,0.913425,1.0
300,0.0,left_0.5,lti_missing,,1.0
300,0.0,left_0.5,lti_lr,,1.0
300,0.5,right_2,rti,0.5025,1.0
300,0.5,right_2,rti_sigma_dist,0.834625,1.0
300,0.5,right_2,rti_missing,0.99615,1.0
300,0.5,right_2,rti_lr,0.9962,1.0
300,0.5,right_1,rti,0.9925,1.0
300,0.5,right_1,rti_sigma_dist,0.917425,1.0
300,0.5,right_1,rti_missing,1.0,1.0
300,0.5,right_1,rti_lr,1.0,1.0
300,0.5,right_0.5,rti,0.9975,1.0
300,0.5,right_0.5,rti_sigma_dist,0.982025,1.0
300,0.5,right_0.5,rti_missing,1.0,1.0
300,0.5,right_0.5,rti_lr,1.0,1.0
300,0.5,left_2,lti,0.490175,1.0
300,0.5,left_2,lti_sigma_dist,0.49545,1.0
300,0.5,left_2,lti_missing,,0.0
300,0.5,left_2,lti_lr,,0.0
300,0.5,left_1,lti,0.952325,1.0
300,0.5,left_1,lti_sigma_dist,0.936275,1.0
300,0.5,left_1,lti_missing,,1.0
300,0.5,left_1,lti_lr,,1.0
300,0.5,left_0.5,lti,0.998625,1.0
300,0.5,left_0.5,lti_sigma_dist,0.99725,1.0
300,0.5,left_0.5,lti_missing,,1.0
300,0.5,left_0.5,lti_lr,,1.0
300,1.5,right_2,rti,0.97775,1.0
300,1.5,right_2,rti_sigma_dist,0.934425,1.0
300,1.5,right_2,rti_missing,0.997925,1.0
300,1.5,right_2,rti_lr,0.9979,1.0
300,1.5,right_1,rti,1.0,1.0
300,1.5,right_1,rti_sigma_dist,0.9998,1.0
300,1.5,right_1,rti_missing,1.0,1.0
300,1.5,right_1,rti_lr,1.0,1.0
300,1.5,right_0.5,rti,1.0,0.995
300,1.5,right_0.5,rti_sigma_dist,1.0,0.995
300,1.5,right_0.5,rti_missing,1.0,1.0
300,1.5,right_0.5,rti_lr,1.0,1.0
300,1.5,left_2,lti,0.8656375,1.0
300,1.5,left_2,lti_sigma_dist,0.8248,1.0
300,1.5,left_2,lti_missing,0.964375,1.0
300,1.5,left_2,lti_lr,0.964375,1.0
300,1.5,left_1,lti,1.0,1.0
300,1.5,left_1,lti_sigma_dist,0.99995,1.0
300,1.5,left_1,lti_missing,1.0,1.0
300,1.5,left_1,lti_lr,1.0,1.0
300,1.5,left_0.5,lti,1.0,0.995
300,1.5,left_0.5,lti_sigma_dist,1.0,0.995
300,1.5,left_0.5,lti_missing,1.0,1.0
300,1.5,left_0.5,lti_lr,1.0,1.0
300,3.0,right_2,rti,0.978925,1.0
300,3.0,right_2,rti_sigma_dist,0.9701,1.0
300,3.0,right_2,rti_missing,0.995325,1.0
300,3.0,right_2,rti_lr,0.995325,1.0
300,3.0,right_1,rti,1.0,1.0
300,3.0,right_1,rti_sigma_dist,1.0,1.0
300,3.0,right_1,rti_missing,1.0,1.0
300,3.0,right_1,rti_lr,1.0,1.0
300,3.0,right_0.5,rti,1.0,1.0
300,3.0,right_0.5,rti_sigma_dist,1.0,1.0
300,3.0,right_0.5,rti_missing,1.0,1.0
300,3.0,right_0.5,rti_lr,1.0,1.0
300,3.0,left_2,lti,0.982325,1.0
300,3.0,left_2,lti_sigma_dist,0.974175,1.0
300,3.0,left_2,lti_missing,0.9929396984924623,1.0
300,3.0,left_2,lti_lr,0.9931909547738693,1.0
300,3.0,left_1,lti,1.0,1.0
300,3.0,left_1,lti_sigma_dist,1.0,1.0
300,3.0,left_1,lti_missing,1.0,1.0
300,3.0,left_1,lti_lr,1.0,1.0
300,3.0,left_0.5,lti,1.0,1.0
300,3.0,left_0.5,lti_sigma_dist,1.0,1.0
300,3.0,left_0.5,lti_missing,1.0,1.0
300,3.0,left_0.5,lti_lr,1.0,1.0
800,-1.5,right_2,rti,0.5,0.885
800,-1.5,right_2,rti_sigma_dist,0.6630367963467112,0.885
800,-1.5,right_2,rti_missing,1.0,1.0
800,-1.5,right_2,rti_lr,1.0,1.0
800,-1.5,right_1,rti,0.55,0.9
800,-1.5,right_1,rti_sigma_dist,0.3973002454322334,0.95
800,-1.5,right_1,rti_missing,1.0,1.0
800,-1.5,right_1,rti_lr,1.0,1.0
800,-1.5,right_0.5,rti,,0.0
800,-1.5,right_0.5,rti_sigma_dist,,0.0
800,-1.5,right_0.5,rti_missing,,0.0
800,-1.5,right_0.5,rti_lr,,0.0
800,-1.5,left_2,lti,0.4962950582205137,0.93
800,-1.5,left_2,lti_sigma_dist,0.5073263134436459,0.93
800,-1.5,left_2,lti_missing,,0.0
800,-1.5,left_2,lti_lr,,0.0
800,-1.5,left_1,lti,0.5164350138443403,0.945
800,-1.5,left_1,lti_sigma_dist,0.5019875538010253,0.945
800,-1.5,left_1,lti_missing,,0.0
800,-1.5,left_1,lti_lr,,0.0
800,-1.5,left_0.5,lti,0.5158017524346906,0.955
800,-1.5,left_0.5,lti_sigma_dist,0.48853864308385103,0.955
800,-1.5,left_0.5,lti_missing,,0.0
800,-1.5,left_0.5,lti_lr,,0.0
800,-1.0,right_2,rti,0.5,0.945
800,-1.0,right_2,rti_sigma_dist,0.9234126984126985,0.945
800,-1.0,right_2,rti_missing,1.0,1.0
800,-1.0,right_2,rti_lr,1.0,1.0
800,-1.0,right_1,rti,0.5025641025641026,0.975
800,-1.0,right_1,rti_sigma_dist,0.597974358974359,0.975
800,-1.0,right_1,rti_missing,1.0,1.0
800,-1.0,right_1,rti_lr,1.0,1.0
800,-1.0,right_0.5,rti,0.5818713450292398,0.855
800,-1.0,right_0.5,rti_sigma_dist,0.409758064516129,0.93
800,-1.0,right_0.5,rti_missing,1.0,1.0
800,-1.0,right_0.5,rti_lr,1.0,1.0
800,-1.0,left_2,lti,0.48918367346938774,0.98
800,-1.0,left_2,lti_sigma_dist,0.49369897959183673,0.98
800,-1.0,left_2,lti_missing,,0.0
800,-1.0,left_2,lti_lr,,0.0
800,-1.0,left_1,lti,0.5043718592964824,0.995
800,-1.0,left_1,lti_sigma_dist,0.4891457286432161,0.995
800,-1.0,left_1,lti_missing,,0.0
800,-1.0,left_1,lti_lr,,0.0
800,-1.0,left_0.5,lti,0.49707070707070705,0.99
800,-1.0,left_0.5,lti_sigma_dist,0.4858585858585859,0.99
800,-1.0,left_0.5,lti_missing,,0.0
800,-1.0,left_0.5,lti_lr,,0.0
800,-0.5,right_2,rti,0.5,1.0
800,-0.5,right_2,rti_sigma_dist,0.9486,1.0
800,-0.5,right_2,rti_missing,1.0,1.0
800,-0.5,right_2,rti_lr,1.0,1.0
800,-0.5,right_1,rti,0.5025125628140703,0.995
800,-0.5,right_1,rti_sigma_dist,0.772275,1.0
800,-0.5,right_1,rti_missing,1.0,1.0
800,-0.5,right_1,rti_lr,1.0,1.0
800,-0.5,right_0.5,rti,0.7195767195767195,0.945
800,-0.5,right_0.5,rti_sigma_dist,0.6061082474226804,0.97
800,-0.5,right_0.5,rti_missing,1.0,1.0
800,-0.5,right_0.5,rti_lr,1.0,1.0
800,-0.5,left_2,lti,0.5258,1.0
800,-0.5,left_2,lti_sigma_dist,0.526475,1.0
800,-0.5,left_2,lti_missing,,0.0
800,-0.5,left_2,lti_lr,,0.0
800,-0.5,left_1,lti,0.513075,1.0
800,-0.5,left_1,lti_sigma_dist,0.512825,1.0
800,-0.5,left_1,lti_missing,,0.0
800,-0.5,left_1,lti_lr,,0.0
800,-0.5,left_0.5,lti,0.511975,1.0
800,-0.5,left_0.5,lti_sigma_dist,0.510575,1.0
800,-0.5,left_0.5,lti_missing,,1.0
800,-0.5,left_0.5,lti_lr,,1.0
800,0.0,right_2,rti,0.5,1.0
800,0.0,right_2,rti_sigma_dist,0.97335,1.0
800,0.0,right_2,rti_missing,1.0,1.0
800,0.0,right_2,rti_lr,1.0,1.0
800,0.0,right_1,rti,0.7525,1.0
800,0.0,right_1,rti_sigma_dist,0.8375,1.0
800,0.0,right_1,rti_missing,1.0,1.0
800,0.0,right_1,rti_lr,1.0,1.0
800,0.0,right_0.5,rti,0.9925,1.0
800,0.0,right_0.5,rti_sigma_dist,0.95225,1.0
800,0.0,right_0.5,rti_missing,1.0,1.0
800,0.0,right_0.5,rti_lr,1.0,1.0
800,0.0,left_2,lti,0.494525,1.0
800,0.0,left_2,lti_sigma_dist,0.494875,1.0
800,0.0,left_2,lti_missing,,0.0
800,0.0,left_2,lti_lr,,0.0
800,0.0,left_1,lti,0.4942,1.0
800,0.0,left_1,lti_sigma_dist,0.4931,1.0
800,0.0,left_1,lti_missing,,1.0
800,0.0,left_1,lti_lr,,1.0
800,0.0,left_0.5,lti,0.98165,1.0
800,0.0,left_0.5,lti_sigma_dist,0.9791,1.0
800,0.0,left_0.5,lti_missing,,1.0
800,0.0,left_0.5,lti_lr,,1.0
800,0.5,right_2,rti,0.5,1.0
800,0.5,right_2,rti_sigma_dist,0.976275,1.0
800,0.5,right_2,rti_missing,1.0,1.0
800,0.5,right_2,rti_lr,1.0,1.0
800,0.5,right_1,rti,1.0,1.0
800,0.5,right_1,rti_sigma_dist,0.9949,1.0
800,0.5,right_1,rti_missing,1.0,1.0
800,0.5,right_1,rti_lr,1.0,1.0
800,0.5,right_0.5,rti,1.0,1.0
800,0.5,right_0.5,rti_sigma_dist,1.0,1.0
800,0.5,right_0.5,rti_missing,1.0,1.0
800,0.5,right_0.5,rti_lr,1.0,1.0
800,0.5,left_2,lti,0.508375,1.0
800,0.5,left_2,lti_sigma_dist,0.5072,1.0
800,0.5,left_2,lti_missing,,0.0
800,0.5,left_2,lti_lr,,0.0
800,0.5,left_1,lti,0.995425,1.0
800,0.5,left_1,lti_sigma_dist,0.993525,1.0
800,0.5,left_1,lti_missing,,1.0
800,0.5,left_1,lti_lr,,1.0
800,0.5,left_0.5,lti,1.0,1.0
800,0.5,left_0.5,lti_sigma_dist,1.0,1.0
800,0.5,left_0.5,lti_missing,,1.0
800,0.5,left_0.5,lti_lr,,1.0
800,1.5,right_2,rti,1.0,1.0
800,1.5,right_2,rti_sigma_dist,0.99865,1.0
800,1.5,right_2,rti_missing,1.0,1.0
800,1.5,right_2,rti_lr,1.0,1.0
800,1.5,right_1,rti,1.0,1.0
800,1.5,right_1,rti_sigma_dist,1.0,1.0
800,1.5,right_1,rti_missing,1.0,1.0
800,1.5,right_1,rti_lr,1.0,1.0
800,1.5,right_0.5,rti,1.0,1.0
800,1.5,right_0.5,rti_sigma_dist,1.0,1.0
800,1.5,right_0.5,rti_missing,1.0,1.0
800,1.5,right_0.5,rti_lr,1.0,1.0
800,1.5,left_2,lti,0.98975,1.0
800,1.5,left_2,lti_sigma_dist,0.98675,1.0
800,1.5,left_2,lti_missing,,1.0
800,1.5,left_2,lti_lr,,1.0
800,1.5,left_1,lti,1.0,1.0
800,1.5,left_1,lti_sigma_dist,1.0,1.0
800,1.5,left_1,lti_missing,,1.0
800,1.5,left_1,lti_lr,,1.0
800,1.5,left_0.5,lti,1.0,1.0
800,1.5,left_0.5,lti_sigma_dist,1.0,1.0
800,1.5,left_0.5,lti_missing,,1.0
800,1.5,left_0.5,lti_lr,,1.0
800,3.0,right_2,rti,1.0,1.0
800,3.0,right_2,rti_sigma_dist,0.999875,1.0
800,3.0,right_2,rti_missing,1.0,1.0
800,3.0,right_2,rti_lr,1.0,1.0
800,3.0,right_1,rti,1.0,1.0
800,3.0,right_1,rti_sigma_dist,1.0,1.0
800,3.0,right_1,rti_missing,1.0,1.0
800,3.0,right_1,rti_lr,1.0,1.0
800,3.0,right_0.5,rti,1.0,1.0
800,3.0,right_0.5,rti_sigma_dist,1.0,1.0
800,3.0,right_0.5,rti_missing,1.0,1.0
800,3.0,right_0.5,rti_lr,1.0,1.0
800,3.0,left_2,lti,0.999925,1.0
800,3.0,left_2,lti_sigma_dist,0.99945,1.0
800,3.0,left_2,lti_missing,1.0,1.0
800,3.0,left_2,lti_lr,1.0,1.0
800,3.0,left_1,lti,1.0,1.0
800,3.0,left_1,lti_sigma_dist,1.0,1.0
800,3.0,left_1,lti_missing,1.0,1.0
800,3.0,left_1,lti_lr,1.0,1.0
800,3.0,left_0.5,lti,1.0,1.0
800,3.0,left_0.5,lti_sigma_dist,1.0,1.0
800,3.0,left_0.5,lti_missing,1.0,1.0
800,3.0,left_0.5,lti_lr,1.0,1.0
