n,high_mu,low_mu,metric,auc_low_reads_more_truncated,defined_low
100,3.0,-0.5,rti,0.275,0.975
100,3.0,-0.5,rti_sigma_dist,0.4462307692307692,0.975
100,3.0,-0.5,rti_missing,0.48865,1.0
100,3.0,-0.5,rti_lr,0.476525,1.0
100,3.0,-0.5,lti,0.9767435897435898,0.975
100,3.0,-0.5,lti_sigma_dist,0.9573589743589743,0.975
100,3.0,-0.5,lti_missing,,0.0
100,3.0,-0.5,lti_lr,,0.0
100,3.0,0.0,rti,0.275,0.995
100,3.0,0.0,rti_sigma_dist,0.5601758793969849,0.995
100,3.0,0.0,rti_missing,0.4705,1.0
100,3.0,0.0,rti_lr,0.466,1.0
100,3.0,0.0,lti,0.9689949748743718,0.995
100,3.0,0.0,lti_sigma_dist,0.9444221105527638,0.995
100,3.0,0.0,lti_missing,,0.0
100,3.0,0.0,lti_lr,,0.0
100,3.0,0.5,rti,0.279825,1.0
100,3.0,0.5,rti_sigma_dist,0.508425,1.0
100,3.0,0.5,rti_missing,0.47105,1.0
100,3.0,0.5,rti_lr,0.470275,1.0
100,3.0,0.5,lti,0.913525,1.0
100,3.0,0.5,lti_sigma_dist,0.8596,1.0
100,3.0,0.5,lti_missing,0.985,0.005
100,3.0,0.5,lti_lr,0.98,0.005
300,3.0,-0.5,rti,0.275,0.995
300,3.0,-0.5,rti_sigma_dist,0.50678391959799,0.995
300,3.0,-0.5,rti_missing,0.474975,1.0
300,3.0,-0.5,rti_lr,0.468575,1.0
300,3.0,-0.5,lti,1.0,0.995
300,3.0,-0.5,lti_sigma_dist,1.0,0.995
300,3.0,-0.5,lti_missing,,0.0
300,3.0,-0.5,lti_lr,,0.0
300,3.0,0.0,rti,0.275,1.0
300,3.0,0.0,rti_sigma_dist,0.480875,1.0
300,3.0,0.0,rti_missing,0.452675,1.0
300,3.0,0.0,rti_lr,0.44985,1.0
300,3.0,0.0,lti,1.0,1.0
300,3.0,0.0,lti_sigma_dist,0.999975,1.0
300,3.0,0.0,lti_missing,,0.0
300,3.0,0.0,lti_lr,,0.0
300,3.0,0.5,rti,0.275,1.0
300,3.0,0.5,rti_sigma_dist,0.502775,1.0
300,3.0,0.5,rti_missing,0.441325,1.0
300,3.0,0.5,rti_lr,0.4405,1.0
300,3.0,0.5,lti,0.9986,1.0
300,3.0,0.5,lti_sigma_dist,0.996625,1.0
300,3.0,0.5,lti_missing,,0.0
300,3.0,0.5,lti_lr,,0.0
800,3.0,-0.5,rti,0.3025,1.0
800,3.0,-0.5,rti_sigma_dist,0.5309,1.0
800,3.0,-0.5,rti_missing,0.5315,1.0
800,3.0,-0.5,rti_lr,0.52765,1.0
800,3.0,-0.5,lti,1.0,1.0
800,3.0,-0.5,lti_sigma_dist,1.0,1.0
800,3.0,-0.5,lti_missing,,0.0
800,3.0,-0.5,lti_lr,,0.0
800,3.0,0.0,rti,0.3025,1.0
800,3.0,0.0,rti_sigma_dist,0.514525,1.0
800,3.0,0.0,rti_missing,0.479475,1.0
800,3.0,0.0,rti_lr,0.47845,1.0
800,3.0,0.0,lti,1.0,1.0
800,3.0,0.0,lti_sigma_dist,1.0,1.0
800,3.0,0.0,lti_missing,,0.0
800,3.0,0.0,lti_lr,,0.0
800,3.0,0.5,rti,0.3025,1.0
800,3.0,0.5,rti_sigma_dist,0.5377,1.0
800,3.0,0.5,rti_missing,0.5284,1.0
800,3.0,0.5,rti_lr,0.52785,1.0
800,3.0,0.5,lti,1.0,1.0
800,3.0,0.5,lti_sigma_dist,1.0,1.0
800,3.0,0.5,lti_missing,,0.0
800,3.0,0.5,lti_lr,,0.0
