n,mu,scenario,true_missing,median_est,defined
100,-1.5,right_2,0.0227501319481792,0.050287900501541125,1.0
100,-1.0,right_2,0.0227501319481792,0.03990802697254266,1.0
100,-0.5,right_2,0.0227501319481792,0.04058792472425521,1.0
100,0.0,right_2,0.0227501319481792,0.037148202508747855,1.0
100,0.5,right_2,0.0227501319481792,0.03336647333416526,1.0
100,1.5,right_2,0.0227501319481792,0.042658131265086593,1.0
100,3.0,right_2,0.0227501319481792,0.04415130549426316,1.0
300,-1.5,right_2,0.0227501319481792,0.030356210214758574,1.0
300,-1.0,right_2,0.0227501319481792,0.028410130353272042,1.0
300,-0.5,right_2,0.0227501319481792,0.027698326254443073,1.0
300,0.0,right_2,0.0227501319481792,0.02762343566675305,1.0
300,0.5,right_2,0.0227501319481792,0.027506178904737208,1.0
300,1.5,right_2,0.0227501319481792,0.027983048620393358,1.0
300,3.0,right_2,0.0227501319481792,0.03050861910802617,1.0
800,-1.5,right_2,0.0227501319481792,0.0245237400640698,1.0
800,-1.0,right_2,0.0227501319481792,0.02551452451342001,1.0
800,-0.5,right_2,0.0227501319481792,0.02439221580436334,1.0
800,0.0,right_2,0.0227501319481792,0.024188122963178273,1.0
800,0.5,right_2,0.0227501319481792,0.023857150435121443,1.0
800,1.5,right_2,0.0227501319481792,0.024958142394327296,1.0
800,3.0,right_2,0.0227501319481792,0.025529963164187593,1.0
100,-1.5,right_1,0.15865525393145707,0.35563127129117816,0.975
100,-1.0,right_1,0.15865525393145707,0.24852238440100616,1.0
100,-0.5,right_1,0.15865525393145707,0.1990340659533783,1.0
100,0.0,right_1,0.15865525393145707,0.18634861957868532,1.0
100,0.5,right_1,0.15865525393145707,0.19142008464753074,1.0
100,1.5,right_1,0.15865525393145707,0.20923884139093998,1.0
100,3.0,right_1,0.15865525393145707,0.21611192545206356,1.0
300,-1.5,right_1,0.15865525393145707,0.21131316142977205,1.0
300,-1.0,right_1,0.15865525393145707,0.1659059308351893,1.0
300,-0.5,right_1,0.15865525393145707,0.16458608546312536,1.0
300,0.0,right_1,0.15865525393145707,0.16493247161531427,1.0
300,0.5,right_1,0.15865525393145707,0.16652705175912114,1.0
300,1.5,right_1,0.15865525393145707,0.16572422424680328,1.0
300,3.0,right_1,0.15865525393145707,0.18669449002566607,1.0
800,-1.5,right_1,0.15865525393145707,0.18361494954003368,1.0
800,-1.0,right_1,0.15865525393145707,0.16585766132670926,1.0
800,-0.5,right_1,0.15865525393145707,0.161115571380806,1.0
800,0.0,right_1,0.15865525393145707,0.16044626185955205,1.0
800,0.5,right_1,0.15865525393145707,0.16227985066122752,1.0
800,1.5,right_1,0.15865525393145707,0.16470995173061753,1.0
800,3.0,right_1,0.15865525393145707,0.1697419672020289,1.0
100,-1.5,right_0.5,0.3085375387259869,,0.0
100,-1.0,right_0.5,0.3085375387259869,0.5576107630727453,1.0
100,-0.5,right_0.5,0.3085375387259869,0.37068569949528857,1.0
100,0.0,right_0.5,0.3085375387259869,0.3382218061915826,1.0
100,0.5,right_0.5,0.3085375387259869,0.34342658404410753,1.0
100,1.5,right_0.5,0.3085375387259869,0.36739012237758584,1.0
100,3.0,right_0.5,0.3085375387259869,0.4130854042655493,1.0
300,-1.5,right_0.5,0.3085375387259869,,0.0
300,-1.0,right_0.5,0.3085375387259869,0.3289657459629134,1.0
300,-0.5,right_0.5,0.3085375387259869,0.3377879442371932,1.0
300,0.0,right_0.5,0.3085375387259869,0.3186331388401486,1.0
300,0.5,right_0.5,0.3085375387259869,0.3243197509074506,1.0
300,1.5,right_0.5,0.3085375387259869,0.3290137391952621,1.0
300,3.0,right_0.5,0.3085375387259869,0.34105769535401387,1.0
800,-1.5,right_0.5,0.3085375387259869,,0.0
800,-1.0,right_0.5,0.3085375387259869,0.309727130259695,1.0
800,-0.5,right_0.5,0.3085375387259869,0.3196052357874981,1.0
800,0.0,right_0.5,0.3085375387259869,0.3192599151728137,1.0
800,0.5,right_0.5,0.3085375387259869,0.31203727037728857,1.0
800,1.5,right_0.5,0.3085375387259869,0.30175997218545636,1.0
800,3.0,right_0.5,0.3085375387259869,0.3314409696290432,1.0
100,-1.5,left_2,0.0227501319481792,,0.0
100,-1.0,left_2,0.0227501319481792,,0.0
100,-0.5,left_2,0.0227501319481792,,0.0
100,0.0,left_2,0.0227501319481792,,0.0
100,0.5,left_2,0.0227501319481792,0.178154666018714,0.01
100,1.5,left_2,0.0227501319481792,0.043448448172248175,1.0
100,3.0,left_2,0.0227501319481792,0.044151761919661546,1.0
300,-1.5,left_2,0.0227501319481792,,0.0
300,-1.0,left_2,0.0227501319481792,,0.0
300,-0.5,left_2,0.0227501319481792,,0.0
300,0.0,left_2,0.0227501319481792,,0.0
300,0.5,left_2,0.0227501319481792,,0.0
300,1.5,left_2,0.0227501319481792,0.028632301901939244,1.0
300,3.0,left_2,0.0227501319481792,0.02970020620024132,1.0
800,-1.5,left_2,0.0227501319481792,,0.0
800,-1.0,left_2,0.0227501319481792,,0.0
800,-0.5,left_2,0.0227501319481792,,0.0
800,0.0,left_2,0.0227501319481792,,0.0
800,0.5,left_2,0.0227501319481792,,0.0
800,1.5,left_2,0.0227501319481792,0.025499529140824227,1.0
800,3.0,left_2,0.0227501319481792,0.024781864854540356,1.0
100,-1.5,left_1,0.15865525393145707,,0.0
100,-1.0,left_1,0.15865525393145707,,0.0
100,-0.5,left_1,0.15865525393145707,,0.0
100,0.0,left_1,0.15865525393145707,0.2212749864054886,1.0
100,0.5,left_1,0.15865525393145707,0.22411381617241954,1.0
100,1.5,left_1,0.15865525393145707,0.22815598031580409,1.0
100,3.0,left_1,0.15865525393145707,0.24014621168619113,1.0
300,-1.5,left_1,0.15865525393145707,,0.0
300,-1.0,left_1,0.15865525393145707,,0.0
300,-0.5,left_1,0.15865525393145707,,0.0
300,0.0,left_1,0.15865525393145707,0.17623506699012148,1.0
300,0.5,left_1,0.15865525393145707,0.176216197598326,1.0
300,1.5,left_1,0.15865525393145707,0.17946743041775906,1.0
300,3.0,left_1,0.15865525393145707,0.17721797427222158,1.0
800,-1.5,left_1,0.15865525393145707,,0.0
800,-1.0,left_1,0.15865525393145707,,0.0
800,-0.5,left_1,0.15865525393145707,,0.0
800,0.0,left_1,0.15865525393145707,0.16625276233169162,1.0
800,0.5,left_1,0.15865525393145707,0.16709167512309878,1.0
800,1.5,left_1,0.15865525393145707,0.16238979848742247,1.0
800,3.0,left_1,0.15865525393145707,0.16649169467395653,1.0
100,-1.5,left_0.5,0.3085375387259869,,0.0
100,-1.0,left_0.5,0.3085375387259869,,0.0
100,-0.5,left_0.5,0.3085375387259869,0.431913830183579,1.0
100,0.0,left_0.5,0.3085375387259869,0.42569520458587706,1.0
100,0.5,left_0.5,0.3085375387259869,0.4377213465095938,1.0
100,1.5,left_0.5,0.3085375387259869,0.42712787958298104,1.0
100,3.0,left_0.5,0.3085375387259869,0.39448625916263713,1.0
300,-1.5,left_0.5,0.3085375387259869,,0.0
300,-1.0,left_0.5,0.3085375387259869,,0.0
300,-0.5,left_0.5,0.3085375387259869,0.34934483277214107,1.0
300,0.0,left_0.5,0.3085375387259869,0.340532510039528,1.0
300,0.5,left_0.5,0.3085375387259869,0.35586756246511153,1.0
300,1.5,left_0.5,0.3085375387259869,0.3342660756398681,1.0
300,3.0,left_0.5,0.3085375387259869,0.3431471990349243,1.0
800,-1.5,left_0.5,0.3085375387259869,,0.0
800,-1.0,left_0.5,0.3085375387259869,,0.0
800,-0.5,left_0.5,0.3085375387259869,0.32283671747128323,1.0
800,0.0,left_0.5,0.3085375387259869,0.3197088092377266,1.0
800,0.5,left_0.5,0.3085375387259869,0.3272985931638621,1.0
800,1.5,left_0.5,0.3085375387259869,0.31980571812173386,1.0
800,3.0,left_0.5,0.3085375387259869,0.3302362578922457,1.0
